id,created_at,text
982471219965505536,2018-04-07 04:12:46,b'@Paytmcare Hahaha you are hilarious @Paytm \xf0\x9f\xa4\xa3\xf0\x9f\xa4\xa3. It took you 2 days to acknowledge that my concern is important. You really crack me up \xf0\x9f\xa4\xa3'
982470247516000256,2018-04-07 04:08:55,b'@Paytm @PaytmTickets @Paytmcare worst movie booking experience in your site. Not asking for mobile number to delive\xe2\x80\xa6 https://t.co/NwPXAnZvHv'
982469083483463681,2018-04-07 04:04:17,b'@vijayshekhar my @Paytm cashback complaint is unresolved since 17th Feb 2018 despite my repeated followups.\xe2\x80\xa6 https://t.co/Q3zwwnRBd1'
982468781854240768,2018-04-07 04:03:05,"b'@Paytm @Paytmcare \nRespected Sir/Madam,\nI want to start your renowned Paytm Payments Bank Branch/franchise/ATM in\nm\xe2\x80\xa6 https://t.co/orBbzeLf4P'"
982467872583630848,2018-04-07 03:59:28,b'@Paytm \nYesterday I just made the payment to irtc my transaction is being failed ND my balance is deducted in paytm wallet \nPlease help'
982467570258214912,2018-04-07 03:58:16,b'@Paytmcare Day 6 @vijayshekhar @Paytmcare @Paytm WILL I GET MY REFUND??'
982467532178141184,2018-04-07 03:58:07,b'@FreeChargeCares I am not happy with your revert. A pop-up appears on my screen for upi registration &amp; cashback off\xe2\x80\xa6 https://t.co/qTdK6OohbF'
982466524404383744,2018-04-07 03:54:07,"b""@gvsjio1 @Paytmcare @PaytmBank @Paytm Don't update new version as Paytm new update version is bug"""
982465878246686721,2018-04-07 03:51:33,b'@ImSaikatPyne @Paytm @livegoafest @value_360 Cheers to us :)'
982465405988978688,2018-04-07 03:49:40,b'#thankyoupaytm @PaytmBank @vijayshekhar @Paytm https://t.co/96qcwaPLM4'
982465086760435713,2018-04-07 03:48:24,b'.@Paytm wins two #Abbys2018 at  @livegoafest. Cheers @Soniadhawn and @value_360 team! https://t.co/NVmIhBIRsi'
982464786742042624,2018-04-07 03:47:13,b'@ShobhitaAgarwal @Paytmcare @Paytm Paytm mat karo.'
982464189523480576,2018-04-07 03:44:50,b'@hnarayan20 @Paytm @Paytmcare @PaytmBank Even I was charged around 50 bucks for same.'
982462009177407488,2018-04-07 03:36:10,b'@Paytm My mobile no. is linked to Adhaar and same no. I am using for Paytm then why do I need to personally go to K\xe2\x80\xa6 https://t.co/w1Dhi6RE19'
982461679190540288,2018-04-07 03:34:52,b'Bought @MumbaiMetro3 ticket via @Paytm No need to stand in long que for tokens! Just scan the code and done! Perfect !!! \xf0\x9f\x91\x8d\xf0\x9f\x8f\xbc'
982461437766402048,2018-04-07 03:33:54,b'@BCCIWomen @Paytm on which channel match telecast?'
982461340827693057,2018-04-07 03:33:31,b'Issue raised with paytm w.r.t delinking of kyc pending since 18th march 2018 reference no 56582762 @Paytm @Paytmcare @vijayshekhar'
982460152623304704,2018-04-07 03:28:48,b'@ShobhitaAgarwal @Paytmcare @Paytm Paytm Mat Karo.\nUse BHIM App. Initiative by govt.@NPCI_BHIM \n#PaytmFraudCompany'
982458599728283648,2018-04-07 03:22:38,b'@hnarayan20 @Paytm @Paytmcare @PaytmBank Paytm are cheaters when once online kyc is done why then there is a need of franchise??'
982458128313663488,2018-04-07 03:20:45,b'@paytmbankcare @Paytm @Paytmcare @PaytmBank @UfterYou @thebharatseva@renusatti I am asking about the cashback for m\xe2\x80\xa6 https://t.co/9o0VVErXFG'
982455211682709504,2018-04-07 03:09:10,"b'@vijayshekhar ,@Paytmcare @Paytm @rsprasad \nkB solve Hoga?????????? https://t.co/V4zfY8F2nF'"
982455087435075585,2018-04-07 03:08:40,b'@vineetkaul @vijayshekhar @Paytm Ho gaya thanks'
982455003196612608,2018-04-07 03:08:20,"b'@Paytm  Hi.... I was playing on gamepind since yesterday its giving prb , money gets deducted but its not going for contest.'"
982454430317662208,2018-04-07 03:06:03,b'@Paytm What the hell you people charge rs20 for KYC. If you want then ask some more why just 20.\nFor the first time I am paying for Kyc.'
982452891490443266,2018-04-07 02:59:57,b'@PaytmBank @Paytm @Paytmcare @PaytmBank @PaytmMall https://t.co/bSJnozD0F2'
982450769134850048,2018-04-07 02:51:31,"b""@hnarayan20 @Paytm @Paytmcare @PaytmBank It's free"""
982447870866489345,2018-04-07 02:40:00,b'Thanku @Paytm @vijayshekhar \nFor this \xf0\x9f\x91\x87\xf0\x9f\x91\x87 totally new layout..\xe2\x9d\xa4\xef\xb8\x8f\xf0\x9f\x98\x98 https://t.co/oXnKZjocAD'
982447348885401600,2018-04-07 02:37:55,b'@thebharatseva @paytmbankcare @Paytm @PaytmBank @Paytmcare @vijayshekhar @One97 @renusatti @PMOIndia\xe2\x80\xa6 https://t.co/qOh4TgTNPL'
982444319612264454,2018-04-07 02:25:53,b'What\xe2\x80\x99s happening? @paytm @vijayshekhar \xf0\x9f\xa4\x99 https://t.co/Mj4OTq64Uo'
982441562368983041,2018-04-07 02:14:56,"b'@Paytmcare Thanks for your reply @Paytm , however a reply from @Cashify_  would be more appreciated https://t.co/bClszNCvwi'"
982439243682213888,2018-04-07 02:05:43,b'@Paytm @Paytmcare @PaytmBank have not received cash back or any details regarding it after completing KYC since las\xe2\x80\xa6 https://t.co/P1HJZootCV'
982439124757090304,2018-04-07 02:05:14,"b""@Paytm @Paytmcare @vijayshekhar Don't want to give you any KYC document. Want just refund of my money which you hav\xe2\x80\xa6 https://t.co/RCQkaap1WK"""
982437517185224710,2018-04-07 01:58:51,b'@vatsann @prayatna_fac @savesmilees @hareesh_9999 @Deepikaa123 @kishorev1988 @pratyusha @Urs_BRK @Abhishekboss2\xe2\x80\xa6 https://t.co/ZSwlYDTEw9'
982437392756891648,2018-04-07 01:58:21,b'@Its_meRJ @prayatna_fac @savesmilees @hareesh_9999 @Deepikaa123 @kishorev1988 @pratyusha @Urs_BRK @Abhishekboss2\xe2\x80\xa6 https://t.co/dDjGCqCeJI'
982436438158422016,2018-04-07 01:54:34,b'@BCCIWomen @Paytm Dear ladies... bahuth bahuth badayiyo...Kya khel dikaye aap ne... hamare dil kush kardiya...All t\xe2\x80\xa6 https://t.co/XjyiAWXMFF'
982435315867533312,2018-04-07 01:50:06,"b""@Paytmcare @Paytm @RBI money in Paytm lost repeated reporting still Paytm not responded it's giving feeling Paytm a\xe2\x80\xa6 https://t.co/PTlklsEyV5"""
982434636541374465,2018-04-07 01:47:24,b'@Paytm after the update ...the software hangs ... money trfr not working....tried reinstallation 3 times'
982434545235460096,2018-04-07 01:47:02,b'@Paytm @Paytmcare @PaytmBank @paytmbankcare @timesofindia @TimesNow @ndtv @htTweets @the_hindu @indiatoday\xe2\x80\xa6 https://t.co/fFWQc3aDAP'
982433216773722113,2018-04-07 01:41:46,b'@Paytmcare @Paytm ???? @vijayshekhar'
982433052738707461,2018-04-07 01:41:07,b'@BCCI @Paytm Common  india'
982430902352363520,2018-04-07 01:32:34,b'@_DigitalIndia @Paytm @UIDAI https://t.co/0KKp422wx2'
982430624756596736,2018-04-07 01:31:28,b'@Mirchi9 @Paytm 357k'
982430462994821120,2018-04-07 01:30:49,"b'Online fraud @Paytm. Orderd @CasioIndia watch, recvd empty box. @Paytmcare closd complaint saying delivrd corrct product only. #SayNo2Paytm'"
982428571712086016,2018-04-07 01:23:18,b'@chopraanjum @Paytm @BCCIWomen What a win over England'
982428494587019264,2018-04-07 01:23:00,b'@reliancejio @Paytm @AJIOLife @RelianceDigital I bought @Rs.2000 and enjoying network problem due to tower-less in Tuensang District.'
982427255791017984,2018-04-07 01:18:05,"b""@shantanub @Paytm I did the same. Why should we ? Now everyone accepting cards. Don't use risky apps"""
982422434014953472,2018-04-07 00:58:55,b'Win $15 Or Rs.1000 @Paytm Cash \xf0\x9f\x91\x8d https://t.co/tBzVC8jlqc'
982411300973064193,2018-04-07 00:14:41,b'Bad interface of Paytm payments screen on UTS app. Also OTP takes lot of time to come. Please resolve this.\xe2\x80\xa6 https://t.co/hj7EQJmuHH'
982409272129536000,2018-04-07 00:06:37,"b'@Paytm no response in twitter , no response in paytm issue page ? Do you even care about what issues customers are\xe2\x80\xa6 https://t.co/tWdZFBj81h'"
982382860219928582,2018-04-06 22:21:40,b'@dominos @Paytm it\xe2\x80\x99s been over 6 months but I have not recoeved any response from both of you..\nI need my money back..'
982370728531103744,2018-04-06 21:33:27,b'@Paytm @PaytmTickets @Paytmcare \nU have shared wrong details with my friend about the show timings. How irresponsib\xe2\x80\xa6 https://t.co/rOAYDrVBBS'
982369271274790912,2018-04-06 21:27:40,b'@dheerajmishra08 @Paytmcare @Paytm @MobiKwik @NPCI_BHIM Its not about money. Its about the TRUST which paytm could not develop it.'
982360950652071941,2018-04-06 20:54:36,b'@Paytmcare Even after e-KYC why an in-person verification is needed? Is that mandated by RBI or the Govt. of India\xe2\x80\xa6 https://t.co/vt7TPrWdAG'
982358284043726848,2018-04-06 20:44:00,b'@Paytmcare @vijayshekhar @Paytm @PaytmMall \n\nPlease respond to my problem as early as possible...'
982356185742327808,2018-04-06 20:35:40,b'@PaytmBank @Paytm You provided worst servises why are are you not providing transfer option from paytm wallet'
982356183003656192,2018-04-06 20:35:39,"b""@vijayshekhar @PaytmMall @amitsins @Paytm Wow! That's some news. You're my one big inspiration @vijayshekhar"""
982352434650492928,2018-04-06 20:20:46,b'Paytm is providing worst customer support service even their service executives are not available ti take calls @Paytm @Paytmcare'
982347270875041792,2018-04-06 20:00:15,b'Amount is deducted from bank account but the order is showing as failed\n@Paytmcare @Paytm Please take a note on thi\xe2\x80\xa6 https://t.co/XH69ZMZRhx'
982346592601522176,2018-04-06 19:57:33,b'@vijayshekhar Sir are you aware that Paytm is keeping fraud sellers and creating mental frustration for customers.@Paytmcare @Paytm'
982342443168231424,2018-04-06 19:41:04,b'@BCCIWomen @BCCI_Women @Paytm Well done girls'
982342224963887105,2018-04-06 19:40:12,"b'@paytmmallcare Thank you for handling the feedback well, you never disappoint me with your repeated nonsense @Paytm\xe2\x80\xa6 https://t.co/fBUlXyXvuO'"
982340988738908160,2018-04-06 19:35:17,b'@PaytmMall @Paytm Done....'
982340585578291206,2018-04-06 19:33:41,b'@chopraanjum @Paytm @BCCIWomen Yes we did it..'
982340374839660544,2018-04-06 19:32:51,b'@Soniadhawn @Paytm Congratulation team we are champion'
982337932018233344,2018-04-06 19:23:08,b'@Paytm Seriously how much time u people are going to take ....just to check a barcode of fastag ... that too when a\xe2\x80\xa6 https://t.co/wo1mCmA0Dh'
982337200036696064,2018-04-06 19:20:14,b'@Paytmcare @Paytm Is there any way to delete/shut down the wallet &amp; profile and delink it from the existing phone: and mail id ??'
982334004043988993,2018-04-06 19:07:32,b'@Paytm @Paytmcare @PaytmMall @paytmmallcare @vijayshekhar \nsolve my problem ref no. \n59155134\n59158599\n59162126\n591\xe2\x80\xa6 https://t.co/rZf1v6IbxR'
982332885771284480,2018-04-06 19:03:05,"b'@Paytm @Paytmcare error report unable to accept payment..suggest, contact 9494757603 in this regards https://t.co/y3kAWLGcXu'"
982331808359432192,2018-04-06 18:58:48,"b""@Paytmcare @skupadhyay_ Oh please! It's an open secret that EVERY vendor of yours charges for KYC. @Paytm doesn't k\xe2\x80\xa6 https://t.co/aKCJ5GSWFS"""
982331733172465665,2018-04-06 18:58:30,b'@Paytm @Paytmcare I raised online fraud complaint on paytm as well.\n Query Ref no 59709949.\nPlease look into it I a\xe2\x80\xa6 https://t.co/6YPk48B2Tn'
982331665111486464,2018-04-06 18:58:14,"b'@PMOIndia @narendramodi My amount of Rs1389 might be small, which @Paytm has kept blocked, the reason of which show\xe2\x80\xa6 https://t.co/hekjCVwbSJ'"
982330905493553152,2018-04-06 18:55:13,b'@PaytmMall @Paytmcare @Paytm @paytmmallcare \n@vijayshekhar pagal samaj raakha hai ek kaam nahe hoo paa raha tum sab\xe2\x80\xa6 https://t.co/WIiRBlPY6n'
982330197633585153,2018-04-06 18:52:24,"b""@PMOIndia @narendramodi @Paytm service is fully playing with people's money. Here is attached all complaints and th\xe2\x80\xa6 https://t.co/RkiArJjAdo"""
982329626650337281,2018-04-06 18:50:08,b'@MobiKwik We will go cashless with other companies like @Paytm @FreeCharge @PhonePe_  but not with you bc'
982327591356026880,2018-04-06 18:42:03,b'@thebharatseva @paytmbankcare @Paytm @PaytmBank @Paytmcare @vijayshekhar @One97 @renusatti @PMOIndia\xe2\x80\xa6 https://t.co/rcSFugeKrS'
982326708895469569,2018-04-06 18:38:32,"b""We are doing serious stuff in a very entertaining way. You don't wanna miss the chance to become a part of it. Book\xe2\x80\xa6 https://t.co/c5HzOiDi7g"""
982326570013507584,2018-04-06 18:37:59,b'@vijayshekhar What are the better alternatives to @Paytm?\n\nI think @PhonePe_ &amp; @TezbyGoogle provide far better expe\xe2\x80\xa6 https://t.co/1m5S2ekgsE'
982325596213694464,2018-04-06 18:34:07,b'@MobiKwikSWAT Stupid people u ask to DM and then bother to reply what fraud dynamic policies on supercash usage kee\xe2\x80\xa6 https://t.co/CMytf0qC41'
982325562034110464,2018-04-06 18:33:59,b'@Paytm @Paytmcare fraud bank'
982322949930729473,2018-04-06 18:23:36,b'@Paytm I added 505rs to my account two times and both the times money deducted from my account and when i opened pa\xe2\x80\xa6 https://t.co/SQnVo9febS'
982322798440820742,2018-04-06 18:23:00,"b""Corporate PR: Value 360 Communications wins Silver for 'The Indian Global Company - Leading a financial revolution'\xe2\x80\xa6 https://t.co/F97Jxi0AZ5"""
982321632684453888,2018-04-06 18:18:22,"b""@Paytmcare @Paytm god knows what you guys are doing! But it better something more than just wasting time as it's be\xe2\x80\xa6 https://t.co/KWLieJR31e"""
982321540820647937,2018-04-06 18:18:00,"b""Financial PR: Value 360 Communications strikes Gold at the #Abbys2018 for their 'Paytm Payment Bank \xe2\x80\x93 Dawn of a new\xe2\x80\xa6 https://t.co/kRbNjmLxqU"""
982321462097817600,2018-04-06 18:17:41,"b'@shivanshgarg7 @Paytm @Paytmcare @PaytmBank even I feel total BS when it comes to automated replies, a regular cust\xe2\x80\xa6 https://t.co/SAnVmRpBBu'"
982320942608035840,2018-04-06 18:15:38,b'@paytmmallcare @vijayshekhar @paytm #paytmsucks #paytmmatkaro #horriblecustomerservice #DigitalBanking\xe2\x80\xa6 https://t.co/k7u2sUiuJm'
982319959735980032,2018-04-06 18:11:43,b'@Vikramjha320 @Paytmcare @Paytm @PaytmMall \xf0\x9f\x98\x80\xf0\x9f\x98\x80\xf0\x9f\x98\x80\xf0\x9f\x98\x80\xf0\x9f\x98\x80'
982319236335927301,2018-04-06 18:08:51,b'Why 3% extra when we transfer money from wallet to paytm payment bank account? \nIf so then what is the use of havin\xe2\x80\xa6 https://t.co/5Gl2mI69Zn'
982318941224615936,2018-04-06 18:07:40,b'@paytm @Paytmcare  Please help me!! My cashback of \xe2\x82\xb950 was refunded back.'
982318101319462912,2018-04-06 18:04:20,b'@vijayshekhar @paytm #paytmsucks #paytmmatkaro #horriblecustomerservice #digitalmoney\nGet a call from a person at 2\xe2\x80\xa6 https://t.co/erNWk7CURN'
982317732191354880,2018-04-06 18:02:52,b'@Paytm new app update is not good. I am facing slowness issues while making payments. Also the payment good failed\xe2\x80\xa6 https://t.co/xaBjbIZcxS'
982317420172992512,2018-04-06 18:01:38,"b""@shantanub @ranjona @Paytm Why anybody needs to use it. It's just making money at our cost."""
982317083546435589,2018-04-06 18:00:17,b'@paytmmallcare @vijayshekhar @Paytm @vijaysjekhar #paytmmatkaro #paytmsucks #horriblecustomerservice #digitalmoney\xe2\x80\xa6 https://t.co/SW2pmlixLE'
982316408217456641,2018-04-06 17:57:36,b'@TheDesiEdge Now #PNB wishes that why they didn\xe2\x80\x99t deposited their money in @Paytm \xf0\x9f\x98\xb9\xf0\x9f\x9a\xa9'
982315317744431105,2018-04-06 17:53:16,b'@BCCIWomen @Paytm Amazing victory   \xf0\x9f\x91\x8f\xf0\x9f\x91\x8f\xf0\x9f\x91\x8f\xf0\x9f\x91\x8f'
982315128816308224,2018-04-06 17:52:31,b'@Paytm @Paytmcare One of my friend is unable to reset his paytm password as he forgot that. He tried to call 012038\xe2\x80\xa6 https://t.co/RCz4JP5V2o'
982314772770246656,2018-04-06 17:51:07,"b""@Paytm  \nI had done kyc process for #Paytm 2 days ago but didn't get cashback. There is no customer care support to answer it."""
982314563927465984,2018-04-06 17:50:17,"b""India's first! We are doing some very serious stuff in a hardcore entertaining way. Don't miss the chance to become\xe2\x80\xa6 https://t.co/jv8ZIgpZDD"""
982313858516660224,2018-04-06 17:47:29,b'@Paytm Paytm@Care    tragic no reply.This is definitely not CC. My grievance is I HV lost details of my acct and 60\xe2\x80\xa6 https://t.co/YhlaCKbIgy'
982313239022194688,2018-04-06 17:45:01,"b'No aadhar, no kyc in paytm, other documents are useless as it cant be verified.@Paytmcare @Paytm @ShaileshSana @_DigitalIndia'"
982311163026276353,2018-04-06 17:36:46,b'#Paytm @Paytm @Paytmcare @RBI  Paytm walo chor ho tum \n.pese kaat liye mere'
982311038350741504,2018-04-06 17:36:16,b'@Paytmcare Kindly help with doorstep KYC completion instead of paying to PayTM outlet. I hope it is easy for @Paytm @Paytmcare'
982309632294010880,2018-04-06 17:30:41,b'Now you can pay all your #LIC renewal premium through @Paytm'
982309368040427520,2018-04-06 17:29:38,b'@SankalpDikshit @_ShankarNath @Paytm Pleasure was entirely ours. All the best for your future plans.'
982309316567842816,2018-04-06 17:29:26,b'@money_bhaskar @PaytmBank @Paytm @PaytmMall @renusatti Superlyk #Waytogo #Paytm_karo'
982309135503974406,2018-04-06 17:28:42,b'@Paytmcare i want instant resolution. I dont have enough time like you and your company @vijayshekhar @Paytm'
982308766245781504,2018-04-06 17:27:14,b'@Paytmcare how much years you will take to resolve my issue...if you cant serve your customers then please shut dow\xe2\x80\xa6 https://t.co/YccBBFHwDX'
982307129439776768,2018-04-06 17:20:44,"b""@BCCIWomen @BCCI_Women @Paytm No Live Matches On Tv. What's Happening? Is it Justified?  Please"""
982306845191737344,2018-04-06 17:19:36,b'@Paytmcare @Paytm  my Order #4894788040 of Canon PIXMA G3000 Is delayed. Not happy with your service. @delhivery co\xe2\x80\xa6 https://t.co/CAj4NluRz6'
982306483202285568,2018-04-06 17:18:10,b'Loved the new look of #Paytm. @Paytm @Paytmcare \nGuys u r awesome gateway... https://t.co/9liWwfTqQ8'
982303758381035521,2018-04-06 17:07:20,b'@SPSrivastav1986 @vijayshekhar @Paytm @PaytmBank @renusatti It doesn\xe2\x80\x99t work at half of the atms ! Wasted my 120rs. #lol #paytm'
982303362258427904,2018-04-06 17:05:46,b'@Paytm ...i didnt get my wallet balance after reinstalling ur app...plz pay attention to this'
982303341257474048,2018-04-06 17:05:41,"b'I added money from my debit card ,money is debited from my bank account but did not added in my paytm wallet . kind\xe2\x80\xa6 https://t.co/vMvZsS2L9w'"
982303034758721536,2018-04-06 17:04:28,b'@Paytm @Paytmcare PAYTM FRAUD have taken place at IRTC WALLET..\nReference numbers\norder id...100001196493905 for Rs\xe2\x80\xa6 https://t.co/Vu16VC9V9x'
982302276256718848,2018-04-06 17:01:27,b'Here is for the winners! Congratulations team @Paytm for winning Abby awards \xe2\x9c\x8c\xf0\x9f\x8f\xbb https://t.co/fJFraHjlpO'
982302142772867072,2018-04-06 17:00:55,b'@uttamrajak1601 @Paytm @vijayshekhar minimal is exactly what I wanted'
982301745001840640,2018-04-06 16:59:20,b'@Paytm @Paytmcare @vijayshekhar waiting from 15 minuets but no update and your customer service is also very poor.\xe2\x80\xa6 https://t.co/gVMilpBrpx'
982301341723717632,2018-04-06 16:57:44,b'@Paytm @Paytmcare really disappointed with your services. Money deducted from my bank account but not added in paytm wallet..@vijayshekhar'
982301103705374720,2018-04-06 16:56:48,"b'Met @_ShankarNath, Sr. VP, Paytm and @Jas_Kapany, VP, Marketing, Paytm.\nIt is supremely thrilling to interact with\xe2\x80\xa6 https://t.co/ceyHi2MOpO'"
982300571934838786,2018-04-06 16:54:41,b'@Paytmcare \n@Paytm \n@vijayshekhar \nPlease update my Paytm wallet immediately without fail else I need to go for leg\xe2\x80\xa6 https://t.co/eaQ79BZ8lj'
982299896827920384,2018-04-06 16:52:00,"b'Dear @Paytm , I transferred 400 Rs. to someone, transaction was successful, amount debited from my bank account but\xe2\x80\xa6 https://t.co/R3ZrwBbRky'"
982299821284450304,2018-04-06 16:51:42,b'@Paytm \n@vijayshekhar \nPlease update my Paytm wallet immediately without fail else I need to go for legal action ag\xe2\x80\xa6 https://t.co/Be0sBOuaAN'
982299588051767298,2018-04-06 16:50:46,"b'@Paytmcare @Paytm please provide the address of a kyc center near pitampura, new delhi (or rohini/shalimar bagh), w\xe2\x80\xa6 https://t.co/DP5bR4aSiT'"
982298028613783552,2018-04-06 16:44:34,b'Okay @Paytm but:\n1. What does that even mean?\n2. Why did you do it w/o me asking for it?\n@Paytmcare https://t.co/J04ETU4S8J'
982297778138304513,2018-04-06 16:43:35,b'@Paytm Such a worst app@Paytm is.i earlier transferred my paytm wallet balance to paytm payments bank without\xe2\x80\xa6 https://t.co/8QSFyf7Sy8'
982296602852278272,2018-04-06 16:38:54,b'@Paytm @Paytmcare\nAgent at srisha technology is asking money for KYC verification claiming its what they have been\xe2\x80\xa6 https://t.co/KsBWWhiPzv'
982295318728327168,2018-04-06 16:33:48,b'@prayatna_fac @savesmilees @hareesh_9999 @Deepikaa123 @vatsann @kishorev1988 @pratyusha @Urs_BRK @Abhishekboss2\xe2\x80\xa6 https://t.co/2m6T3OO8J2'
982294366382243840,2018-04-06 16:30:01,b'.@Paytm to launch a dedicated app for investing in #mutualfunds\nhttps://t.co/cQdTlCoVT9'
982293284084002818,2018-04-06 16:25:43,"b'@Paytm what is your problem?why are you causing this inconvenience to us? No money transfer, no kyc update, no Cent\xe2\x80\xa6 https://t.co/DU3dNgTGoI'"
982293041699610624,2018-04-06 16:24:45,b'@nirupamroy @Paytmcare @Paytm Same problems but issue not solved \n9810686171'
982291805839310848,2018-04-06 16:19:51,b'@Paytm mera 666 rs ka b s n l recharge kiye the.recharge cancil ho gya..Par paisa cut gya aur abhi tk nahi aaya kya kru?'
982290793611321344,2018-04-06 16:15:49,b'@Paytm @Paytmcare Why you guys hv double standards?!? You don\xe2\x80\x99t ask my kyc when I hv to add the money in ur wallet\xe2\x80\xa6 https://t.co/grMgriVjqC'
982289354671374336,2018-04-06 16:10:06,"b'@paytm @Paytmcare Due to failed transactions by paying through Debit card via Paytm, my money got stuck in Paytm Wa\xe2\x80\xa6 https://t.co/wvpXtmPzyb'"
982289142770880512,2018-04-06 16:09:16,b'@SPSrivastav1986 @PaytmBank @Paytm @vijayshekhar @renusatti what is thi paytm..\n i am not use code recharge other n\xe2\x80\xa6 https://t.co/bfjg83shed'
982289004388208640,2018-04-06 16:08:43,b'@Paytm are bhaio paytm se bachke rehna thode se lalach ke chakkar me kabhi bhi merchant account mat banana mene ban\xe2\x80\xa6 https://t.co/CUCM2eIe1g'
982288740570689537,2018-04-06 16:07:40,"b""@Paytm \nWhat is going app to your app? I'm continously trying to login my account from 1 hour but it showing error?\xe2\x80\xa6 https://t.co/yeERe1JU3q"""
982288475822198786,2018-04-06 16:06:37,"b""@Paytmcare @Paytm I gave you my contact no.&amp; mail id yesterday then you didn't do anything.will you give me cash ba\xe2\x80\xa6 https://t.co/D8HBZmb0eJ"""
982288187220344832,2018-04-06 16:05:28,"b""I added money from debit card, the money is debited from my account my did not added in paytm wallet.i don't know h\xe2\x80\xa6 https://t.co/ZgIC2V9Stp"""
982288123865583617,2018-04-06 16:05:13,b'Dear sir \n Mene abhi abhi apne paytm me 2000 add kiye they confurm nhe hua or mere account se 2000 debits ho gaye p\xe2\x80\xa6 https://t.co/lcRusYLGWx'
982287463606398976,2018-04-06 16:02:35,b'@LAVGUPTABIHIYA @Paytm @PaytmBank @PaytmTravel @vijayshekhar @Paytmcare no care'
982287128821350400,2018-04-06 16:01:16,b'@Paytm why you down? https://t.co/rOd1IVx2Rj'
982286986554654720,2018-04-06 16:00:42,b'@shantanub @Paytm When I last tried to pay my electricity bill the site would only accept payment by card  via Payt\xe2\x80\xa6 https://t.co/imxOvXB8hf'
982286663903842305,2018-04-06 15:59:25,b'@vijayshekhar @PaytmMall @amitsins @Paytm still i am facing number update \nwhat happened paytm now becomes slightly\xe2\x80\xa6 https://t.co/P3MluqWYoJ'
982286630227558400,2018-04-06 15:59:17,"b""@vijayshekhar @one_by_two I can't login my paytm wallet ... Showing some error.... Please work on it. My app up to\xe2\x80\xa6 https://t.co/WLf1dxlpP4"""
982286226198876160,2018-04-06 15:57:40,b'@Paytm any response?'
982286022259044353,2018-04-06 15:56:52,b'@Paytm I am not able to login. What hell is this? @vijayshekhar https://t.co/CmAAd9YgRn'
982285993129553925,2018-04-06 15:56:45,b'@imbevda @Paytm @Paytmcare Guys from @Paytm atleast respond to your client....asap! A solution is needed when the p\xe2\x80\xa6 https://t.co/YEfovBnakg'
982285929074180098,2018-04-06 15:56:30,b'Not able to login to paytm account from past 20 minutes.. @Paytm'
982285863009730561,2018-04-06 15:56:14,b'Hera the other...&amp; i have all call recording....&amp;.... email...what @PhonePe_ customer support say...fake promise...\xe2\x80\xa6 https://t.co/DezyQpu6O5'
982285847583010816,2018-04-06 15:56:10,b'@Paytm'
982285657866457089,2018-04-06 15:55:25,"b""@PaytmMall @Paytmcare @Paytm . I didn't expect this from paytm service .I have dropped many message but no reply."""
982285517529255936,2018-04-06 15:54:52,b'@Paytm Paytm is Not Working ??? https://t.co/Qtje5oOI4s'
982285259336310784,2018-04-06 15:53:50,"b'Hi @Paytm, please advise on steps to permanently delete my #Paytm account. Thanks!'"
982285236288438273,2018-04-06 15:53:44,b'@Paytm @Paytmcare Update my KYC till tomorrow or else give me my money back.\n\n\xf0\x9f\x98\xa0\xf0\x9f\x98\xa0\xf0\x9f\x98\xa0'
982285060605906945,2018-04-06 15:53:03,b'@Paytm @Paytmcare still i am facing number update problem \nur worst customer care in india https://t.co/cWxQrjaejQ'
982285014636220416,2018-04-06 15:52:52,b'@paytm karo :) https://t.co/S6fBfHBmGh'
982284430416011264,2018-04-06 15:50:32,b'@BipinSingh As someone who has been tricked by @MobiKwik many a time I find your tweet to be written in pure frustr\xe2\x80\xa6 https://t.co/qsYHNcOdgv'
982284335796469760,2018-04-06 15:50:10,b'@Paytm @Paytmcare Hopeless and Pathetic way of giving false hopes. I was waiting like fools from 1 week and no one\xe2\x80\xa6 https://t.co/BzWn0ZIfvC'
982283752746303488,2018-04-06 15:47:51,"b'Why u changed 3% for while transferred my @Paytm wallet to bank account.Iam already completed KYC .As per ur rules,\xe2\x80\xa6 https://t.co/lBY1p7oPYq'"
982283743648886785,2018-04-06 15:47:49,b'@Paytm @Paytmcare You guys are expert in making the customer look fool. Wating for your executive since 1 week for\xe2\x80\xa6 https://t.co/YdEjIHahCv'
982283720756359168,2018-04-06 15:47:43,b'@Paytmcare @PaytmMall @Paytm\n#Paytm \n01133996699\n01133776677\n0120 388 8388\n\nLet us know from which number we can re\xe2\x80\xa6 https://t.co/lIEcLEKPMu'
982283603932598272,2018-04-06 15:47:15,"b'@Paytm @Paytmcare Hi paytm, please provide the official business contact/email details, where i can send the Busine\xe2\x80\xa6 https://t.co/jm0KxvXcW7'"
982282904096079878,2018-04-06 15:44:28,b'Is @Paytm down..trying logging in for past half hour that too from 3 diff phones. @Paytmcare https://t.co/OnsHz491WP'
982282870990356481,2018-04-06 15:44:21,b'@SPSrivastav1986 @vijayshekhar @Paytm @PaytmBank @renusatti @vijayshekhar sir im still waiting 4r my refund 4rm\xe2\x80\xa6 https://t.co/8QdfDculjP'
982282779546341376,2018-04-06 15:43:59,b'@Paytm @Paytmcare bhai ye kab chalu hoga?? https://t.co/TNpD2XBYAD'
982282401605763072,2018-04-06 15:42:29,"b""@Paytm trying to reach on customer services from 1 hour, got 4 different numbers but can't reach any representative\xe2\x80\xa6 https://t.co/ytHMyygb5C"""
982282068603297792,2018-04-06 15:41:09,b'@Paytm  please fix the issue https://t.co/m7bXHaLQhE'
982281841339121665,2018-04-06 15:40:15,b'@Rahul_Dogra @Paytm @Paytmcare Na bhai its not working..they have loosed investment'
982281138323402752,2018-04-06 15:37:27,b'@paytm 9274031231 is number pe to call hi mat krna uske liye 7574841140 ke call karna koi jankari ke liye. Please i\xe2\x80\xa6 https://t.co/GklEPhVtmQ'
982281133827084289,2018-04-06 15:37:26,b'#paytm not responding. Dont know why??? Seems as if after #DefenceMinistry website they arr trying to hack #Paytm too\xf0\x9f\x98\x82\xf0\x9f\x98\x82 @Paytm @Paytmcare'
982281069125812224,2018-04-06 15:37:11,b'You fucking dolts @Paytm @Paytmcare your servers are shit and app even more shit..unable to use my own money in my\xe2\x80\xa6 https://t.co/RCVlGBMTZJ'
982280571522113536,2018-04-06 15:35:12,"b'@Paytm plans a major push in the #FinancialServices sector by launching services including mutual funds, general in\xe2\x80\xa6 https://t.co/mcziEtsYwd'"
982280142536949760,2018-04-06 15:33:30,b'@Paytm aap log daily mere number 9274031231 pe call kar rahe ho paytm kyc ke liye. Mene kitni bar bola hai ki mere\xe2\x80\xa6 https://t.co/JaR2wEws4a'
982280013952069632,2018-04-06 15:32:59,"b'@Cashify_ informed CC abt missing referral benefit, however no resolution provided. Opposite party got xtra benefit\xe2\x80\xa6 https://t.co/BHOjOjPCG5'"
982279199762214913,2018-04-06 15:29:45,b'@Paytm @Paytmcare  Order no : 4882061756. Already mailed and called many times. Still at same place. No solution pr\xe2\x80\xa6 https://t.co/gdr9XG4dzd'
982278083691466752,2018-04-06 15:25:19,"b'@Paytm  any update on my order no. :4882061756. Or, you do not want to do it. No, perfect reply from you.'"
982278003538518016,2018-04-06 15:25:00,b'@Paytm it\xe2\x80\x99s reference transaction id 808514182103 please help @ICICIBank to get my problem resolved @ICICIBank_Care'
982276157557977088,2018-04-06 15:17:40,"b""I'm not received otp @Paytmcare @Paytm https://t.co/cO0Mb8GyNe"""
982274898159636481,2018-04-06 15:12:40,"b'Today I had gone for Paytm KYC at R-149, Ramdas Swamy Marg, Sector 4, Airoli, Navi Mumbai, Maharashtra 400708 which\xe2\x80\xa6 https://t.co/GMyM4fVHB8'"
982274762868183040,2018-04-06 15:12:07,b'@Paytm  can you guys please look into my query ref no - 59466201 ? These is no response on it today.'
982274335149715462,2018-04-06 15:10:25,b'My cashback Rs. 5&amp;12 not send my account Paytm not good app @Paytm @Paytmcare @PaytmMall https://t.co/vu5neTflpN'
982273863529590785,2018-04-06 15:08:33,b'@Paytm I didn\xe2\x80\x99t get any response on this even I replied to your mail also why you guys are so irresponsible to reso\xe2\x80\xa6 https://t.co/chwmMWUBj2'
982272520442208256,2018-04-06 15:03:13,b'@BCCI @Paytm Must win.'
982270977470971905,2018-04-06 14:57:05,b'@Paytm the fraud bank....paytmbank'
982270135569268736,2018-04-06 14:53:44,"b'@Paytmcare @BipinSingh @MobiKwik @MobiKwikSWAT Thanks @Paytm , My tweet was mainly addressed to mobikwik as they ke\xe2\x80\xa6 https://t.co/m8Giv8HKNd'"
982270014689456129,2018-04-06 14:53:15,"b'@Paytm Today I had gone to @Paytm for KYC in R-149, Ramdas Swamy Marg, Sector 4, Airoli, Navi Mumbai, Maharashtra 4\xe2\x80\xa6 https://t.co/huPJchL88V'"
982269484508495872,2018-04-06 14:51:09,b'@BCCIWomen @Paytm Kis channel pe aata hai live match?'
982268969292742656,2018-04-06 14:49:06,b'@SPSrivastav1986 @vijayshekhar @Paytm @PaytmBank @renusatti You paid 120 bucks for that. What is so nice about a ba\xe2\x80\xa6 https://t.co/ARwOgrbjjp'
982267722783272962,2018-04-06 14:44:09,b'@paytm really disgusting told me that we will reach you no call back nothing'
982267417098268672,2018-04-06 14:42:56,"b""@Paytmcare No leave it... I've uninstalled PayTM...it was really a nice time with you guys... I've been using\xe2\x80\xa6 https://t.co/oX7UxHr1gI"""
982267154681675778,2018-04-06 14:41:53,b'@Paytm in your mega sale madhur sugar cost 295 and @amazonIN normally it is sold for 202. Do let me know if there i\xe2\x80\xa6 https://t.co/sJlKxx0XRQ'
982265824940445698,2018-04-06 14:36:36,b'i paid by upi and eligible to get rs 30 cashback 4878989501 and 4875366209. I am not getting cashback for these orders @Paytmcare @Paytm'
982265362812059653,2018-04-06 14:34:46,b'@mjainrock @vijayshekhar @Paytm @PaytmBank U can check all ur activites and transactions on well maintained @paytm\xe2\x80\xa6 https://t.co/yNMQXHnhgk'
982264978789957638,2018-04-06 14:33:15,b'@PaytmBank @Paytm Please add @OnePlus_IN  products on @Paytm'
982264921504149507,2018-04-06 14:33:01,"b""@Paytm it's been more then 4 months, tired of contacting paytm abt kyc, changed city changed number a year before,\xe2\x80\xa6 https://t.co/wLFnRueaiO"""
982264650896060416,2018-04-06 14:31:57,b'Please add @OnePlus_IN  products on @Paytm. Really waiting to buy from Paytm.'
982264313527218176,2018-04-06 14:30:36,"b""@Paytm I've whatsapp you from my merchant RMN kindly check. As I want to receive payment on my @PaytmBank account.\xe2\x80\xa6 https://t.co/1PDexzxuLI"""
982264213962874880,2018-04-06 14:30:12,b'@ViswajitRaman @Paytmcare @Paytm how does one unsubscribe and get data wiped out?'
982263923905773568,2018-04-06 14:29:03,b'Finally got my kyc issues resolved by @Paytmcare @Paytm ;thnku'
982263537975246848,2018-04-06 14:27:31,b'@Paytmcare Hello @paytm @paytmcare \nFrom last 10days I am requesting you again and again for KYC verification.But u\xe2\x80\xa6 https://t.co/FHiS8RnivQ'
982263256638091264,2018-04-06 14:26:24,b'@Paytmcare my address is not verified please help and no nearby point please help @Paytm https://t.co/jF5WcWbsS1'
982261464537837568,2018-04-06 14:19:17,b'@Paytm @Paytmcare dear paytm care mera paytm account 2 month se block chal rha h.aur appke castumar care koi reply\xe2\x80\xa6 https://t.co/4tKYOyBgMl'
982258674797232128,2018-04-06 14:08:12,b'@Paytmcare @Paytm I Still havnt recieved my refund...never knew paytm will be such a waste of time.'
982257102830764035,2018-04-06 14:01:57,b'@FreeCharge @Paytm is giving More discount than you guys.'
982254376977772545,2018-04-06 13:51:07,b'@Paytm CHOR HAI \nSUB BACH KAR RAHNA\n@narendramodi KE NAAM PER THREAT KAR KE LOOT RAHE HAI'
982253888425230337,2018-04-06 13:49:11,b'What the hell Paytm is not working today @Paytm @Paytmcare'
982253708695105536,2018-04-06 13:48:28,b'@BCCI @Paytm All the best'
982253452376944642,2018-04-06 13:47:27,b'@vijayshekhar @PaytmMall @amitsins @Paytm Paytm is not working . Think about that...Force to download another payment app'
982252260041179137,2018-04-06 13:42:42,b'Is there any outage today not able to transact @Paytm @PaytmBank'
982251761598513153,2018-04-06 13:40:43,b'@Paytm Hi'
982249274586030083,2018-04-06 13:30:51,b'@Paytm Very sluggish response. Every time they come up with standard template reply.'
982248567266951169,2018-04-06 13:28:02,b'@Paytmcare @Paytm \nFacing problem in adding money to wallet...'
982248304586121216,2018-04-06 13:26:59,b'@Paytm how do I delete my account?'
982247305284698114,2018-04-06 13:23:01,b'Is Paytm KYC done for free of cost or should we pay 40 to 60\xe2\x82\xb9 as your KYC point franchises merchants force us to pa\xe2\x80\xa6 https://t.co/8v6vZA1OXA'
982247186728534017,2018-04-06 13:22:33,b'@Paytmcare @Paytm why charge for bank to bank transfer...is there some RBI guidelines on this? https://t.co/GyU7L7MGcP'
982245162289053701,2018-04-06 13:14:30,b'@dilipsainidks @PaytmBank @vijayshekhar @Paytm @Paytmcare RBI ke rules ke hisab se\nAagar Kyc nahi he toh cashback nahi aayega'
982244885829791749,2018-04-06 13:13:24,b'Since last weekend for #Rangasthalam in Chennai. Grab ur tickets soon.\n@Paytm offer https://t.co/XeCDDT20ar'
982244582489440257,2018-04-06 13:12:12,"b""Great support by @Paytm &amp; @Paytmcare few months ago I'hv helped their cyber cell team 2 get some info abt d fraudul\xe2\x80\xa6 https://t.co/Rdo1zq5jpl"""
982244331569295360,2018-04-06 13:11:12,"b""One of worst customer service ever..\nI'm training to call  last 1 week onwards  continuously but no one agent is re\xe2\x80\xa6 https://t.co/h2EKLRTNuN"""
982242871469207552,2018-04-06 13:05:24,"b""@Paytmcare it's been more than an hour, still issue not resolved... mailed and tweeted issue snapshotb but no respo\xe2\x80\xa6 https://t.co/BneeXZiwMa"""
982242109884325888,2018-04-06 13:02:22,b'@BCCIWomen @Paytm would have preferred to have watched it live on tv ... not just the highlights.. but at least thi\xe2\x80\xa6 https://t.co/pEiGlz5YI0'
982241562179416067,2018-04-06 13:00:12,"b""@Paytm @PaytmBank @Paytmcare This is so not good, I've a merchant account, I received a payment on 31st March, whic\xe2\x80\xa6 https://t.co/nFTscLkJDd"""
982241366896885760,2018-04-06 12:59:25,"b""@Paytm  what's your helpline number"""
982241169160597504,2018-04-06 12:58:38,b'@Paytm Passbook is having issue in opening and adding money to wallet. #paytmdown'
982240851169439745,2018-04-06 12:57:22,b'@BCCIWomen @Paytm What a girl @mandhana_smriti is she always gives her best but unfortunately rarely gets support from other end'
982240547292114944,2018-04-06 12:56:10,b'@BCCIWomen @Paytm I want to make a new captain of India and the new captain is smriti mandhana.'
982240125336743936,2018-04-06 12:54:29,"b'@Paytm Please, me\xf0\x9f\x98\x8d #TheGrubFest'"
982239560544342016,2018-04-06 12:52:15,"b'Hi @Paytm @vijayshekhar  \xe0\xa4\x9c\xe0\xa4\xac \xe0\xa4\x86\xe0\xa4\xaa \xe0\xa4\x97\xe0\xa5\x8d\xe0\xa4\xb0\xe0\xa4\xbe\xe0\xa4\xb9\xe0\xa4\x95\xe0\xa5\x8b\xe0\xa4\x82 \xe0\xa4\x95\xe0\xa5\x8b \xe0\xa4\x85\xe0\xa4\x9a\xe0\xa5\x8d\xe0\xa4\x9b\xe0\xa5\x80 \xe0\xa4\xa4\xe0\xa4\xb0\xe0\xa4\xb9 \xe0\xa4\xb8\xe0\xa5\x87 \xe0\xa4\xb8\xe0\xa5\x87\xe0\xa4\xb5\xe0\xa4\xbe \xe0\xa4\xa8\xe0\xa4\xb9\xe0\xa5\x80\xe0\xa4\x82 \xe0\xa4\xa6\xe0\xa5\x87 \xe0\xa4\xb8\xe0\xa4\x95\xe0\xa4\xa4\xe0\xa5\x87 \xe0\xa4\xb9\xe0\xa5\x88\xe0\xa4\x82, \xe0\xa4\xa4\xe0\xa5\x8b \xe0\xa4\x86\xe0\xa4\xaa\xe0\xa4\xa8\xe0\xa5\x87 \xe0\xa4\x88-\xe0\xa4\x95\xe0\xa5\x89\xe0\xa4\xae\xe0\xa4\xb0\xe0\xa5\x8d\xe0\xa4\xb8 \xe0\xa4\xb5\xe0\xa5\x87\xe0\xa4\xac\xe0\xa4\xb8\xe0\xa4\xbe\xe0\xa4\x87\xe0\xa4\x9f \xe0\xa4\x85\xe0\xa4\xac \xe0\xa4\x91\xe0\xa4\xa8\xe0\xa4\xb2\xe0\xa4\xbe\xe0\xa4\x87\xe0\xa4\xa8 \xe0\xa4\xb5\xe0\xa5\x8d\xe0\xa4\xaf\xe0\xa4\xbe\xe0\xa4\xaa\xe0\xa4\xbe\xe0\xa4\xb0 \xe0\xa4\x95\xe0\xa5\x8d\xe0\xa4\xaf\xe0\xa5\x8b\xe0\xa4\x82 \xe0\xa4\x96\xe0\xa5\x8b\xe0\xa4\xb2\xe0\xa4\xbe \xe0\xa4\xb9\xe0\xa5\x88?'"
982239282852065281,2018-04-06 12:51:08,b'@Paytmcare @Paytm \n9855594089 https://t.co/muihn7OKmG'
982238868656111617,2018-04-06 12:49:30,b'How can I get invoice of my order on email @Paytm @Paytmcare'
982238728574791686,2018-04-06 12:48:56,b'@Paytm is the app down with some technical glitches???'
982238658773184512,2018-04-06 12:48:40,b'@BCCIWomen @Paytm Congratulations India women team.  Amazing match'
982237917320892418,2018-04-06 12:45:43,b'@Paytm  You have a good trick up your sleeve to take our money. Just add it in the wallet and not let us use it unt\xe2\x80\xa6 https://t.co/HUZe64pbh5'
982237289681076224,2018-04-06 12:43:13,b'@Paytm worst n poor service by paytm they even bother about there customer services nor they tried to respond to th\xe2\x80\xa6 https://t.co/FvqvV9QV4x'
982236705813028865,2018-04-06 12:40:54,"b'@Paytm Cancel ""Tide Detergent Powder"" in Order No. 4923023961 or cancel whole order (if single product can\'t be can\xe2\x80\xa6 https://t.co/MJo5VzaFRE'"
982236642827091970,2018-04-06 12:40:39,b'@BCCIWomen @Paytm Congratulations team India \xf0\x9f\x87\xae\xf0\x9f\x87\xb3'
982236585365131269,2018-04-06 12:40:25,b'@punithrkc @arunjaitley @narendramodi @Paytm @renusatti @amitsins Can u plz look into the issue'
982236420793253888,2018-04-06 12:39:46,b'what is the use of using #payzapp now @Paytm is much better than #payzpp owned by the great @HDFC_Bank\xe2\x80\xa6 https://t.co/szDpg0O4oq'
982235971377815555,2018-04-06 12:37:59,b'bank ka to issue h nhi\n@Paytmcare \n@Paytm https://t.co/i5TAwWzKyE'
982235882370482181,2018-04-06 12:37:38,b'@Paytmcare @Paytm  pls resolve ur technical issues soon. I need to login my account we re facing technical issues t\xe2\x80\xa6 https://t.co/awHJrk1Ly8'
982235087054843906,2018-04-06 12:34:28,b'@mitul_sivakumar @vijayshekhar @Paytm @Tesla @elonmusk never used @facebook for advertising but @Paytm did..'
982234727527563265,2018-04-06 12:33:02,"b""@UIDAI I would definitely do that but it's been 6 days they haven't even provided me explanation for this. I need t\xe2\x80\xa6 https://t.co/DKGG7C1uAk"""
982234491681828866,2018-04-06 12:32:06,b'@Paytmcare @paytm it doesn\xe2\x80\x99t look like you are too keen to help. I am still not getting any response from you. I ha\xe2\x80\xa6 https://t.co/eJ06xDyEYL'
982234379404505088,2018-04-06 12:31:39,b'@BCCIWomen @Paytm All the best'
982234249825665026,2018-04-06 12:31:08,"b""WATCH highlights of India's thrilling one-wicket win over England in the 1st @paytm #ODI in Nagpur here - https://t.co/8XAzxCjdGF"""
982233862846607360,2018-04-06 12:29:36,b'@vijayshekhar you have been criticizing facebook but @Paytm is in facebook and also an advertiser. when I dowloaded\xe2\x80\xa6 https://t.co/HyLtt9gda1'
982233790574510083,2018-04-06 12:29:19,b'Having many problems regarding my paytm bank account. Money deducted 2 times from my account and no resolution till\xe2\x80\xa6 https://t.co/JuQrOUe3OL'
982233146522386432,2018-04-06 12:26:45,b'@Paytm @patelank4u'
982233023532875776,2018-04-06 12:26:16,b'@Paytm\nI recharge my delhi metro card on 1st april of Rs.200/-but till date money can not reflect in my metro card\xe2\x80\xa6 https://t.co/NBjfFC1v4i'
982232897598844928,2018-04-06 12:25:46,b'@Paytmcare @Paytm @PaytmMall @Paytmcare  my issues are still not solved. Do you guys have some sort of support?'
982232650776625152,2018-04-06 12:24:47,"b""I didn't get benifit of 7 pe 70 offer  @Paytm @Paytmcare @PaytmBank    my upi transection aee  more than 7  after a\xe2\x80\xa6 https://t.co/KF8ggOp3RX"""
982232358156812293,2018-04-06 12:23:37,b'@Paytm hi i have transfer 5k amount to my friend account balance decducted from my account but my frnd not recv any\xe2\x80\xa6 https://t.co/1JMDTxwJQe'
982231910926577664,2018-04-06 12:21:51,b'@vickykumarlax @Paytm @Paytmcare hope Paytm is working to resolve issue... any TAT?'
982231833252249604,2018-04-06 12:21:32,b'Thanks @Paytm @Paytmcare @HDFC_Bank @HDFCBank_Cares for resolving my problem.. Thanks a lot....'
982230838212349952,2018-04-06 12:17:35,b'@IamRam0997 @Langer_Mayanti @BCCIWomen @Paytm @M_Raj03 @ImHarmanpreet @mandhana_smriti @ImSushVerma @vedakmurthy08\xe2\x80\xa6 https://t.co/4vA9uMY94H'
982230817043709952,2018-04-06 12:17:30,b'@Paytm @Paytmcare @PaytmMall @paytmmallcare Are you listening Cheaters...I want that product or you will give me a\xe2\x80\xa6 https://t.co/7IiDY7a3Cz'
982230594913419267,2018-04-06 12:16:37,b'@Paytm countinue facing a troubleshooting to login.'
982230207233839104,2018-04-06 12:15:05,b'@Paytm @Paytmcare @PaytmMall @paytmmallcare What the hell is this...??? My order No- 4863446259 is cancelled why..?\xe2\x80\xa6 https://t.co/n81AAxUIXM'
982229239297536000,2018-04-06 12:11:14,b'@Paytmcare @Paytm due to your App error i didnt able to book the train tickets and money is also deducted and i hav\xe2\x80\xa6 https://t.co/4xfz5NWVMo'
982227811032154112,2018-04-06 12:05:33,"b'@Paytm Rs. 70.00 paid to Dinesh kumar by 8XXXX88599 at Apr 6, 2018 3:45 PM.\nOrder Id: 2018040615450600. For any con\xe2\x80\xa6 https://t.co/9S8dhS6i4V'"
982227519435755523,2018-04-06 12:04:24,"b'@Paytm  \xe0\xa4\xa6\xe0\xa4\xbf. 01.03.18 \xe0\xa4\x95\xe0\xa5\x8b \xe0\xa4\xae\xe0\xa5\x88\xe0\xa4\xa8\xe0\xa5\x87\xe0\xa4\x82 \xe0\xa4\xb0\xe0\xa4\xbe\xe0\xa4\x9c\xe0\xa5\x82 \xe0\xa4\x95\xe0\xa4\xae\xe0\xa5\x8d\xe0\xa4\xaf\xe0\xa5\x81\xe0\xa4\xa8\xe0\xa4\xbf\xe0\xa4\x95\xe0\xa5\x87\xe0\xa4\xb6\xe0\xa4\xa8 \xe0\xa4\xb8\xe0\xa5\x81\xe0\xa4\xad\xe0\xa4\xbe\xe0\xa4\xb7 \xe0\xa4\xa8\xe0\xa4\x97\xe0\xa4\xb0 \xe0\xa4\xb8\xe0\xa4\xb9\xe0\xa4\xbe\xe0\xa4\xb0\xe0\xa4\xa8\xe0\xa4\xaa\xe0\xa5\x81\xe0\xa4\xb0 \xe0\xa4\xb8\xe0\xa5\x87 Paytm \xe0\xa4\x95\xe0\xa4\xbe KYC \xe0\xa4\x85\xe0\xa4\xaa\xe0\xa4\xa1\xe0\xa5\x87\xe0\xa4\x9f \xe0\xa4\x95\xe0\xa4\xb0\xe0\xa4\xbe\xe0\xa4\xaf\xe0\xa4\xbe, \xe0\xa4\x89\xe0\xa4\xb8\xe0\xa4\x95\xe0\xa5\x87 \xe0\xa4\xa6\xe0\xa5\x8d\xe0\xa4\xb5\xe0\xa4\xbe\xe0\xa4\xb0\xe0\xa4\xbe \xe2\x82\xb940 \xe0\xa4\xb2\xe0\xa4\xbf\xe0\xa4\x8f, \xe0\xa4\xae\xe0\xa5\x87\xe0\xa4\xb0\xe0\xa4\xbe \xe0\xa4\xa8\xe0\xa4\x82. 8077663219'"
982227509403041793,2018-04-06 12:04:21,b'@Paytm Paytm not working . https://t.co/39HOVdyRyN'
982227125481558017,2018-04-06 12:02:50,b'@BCCI @Paytm E sala cup namde'
982226816264912897,2018-04-06 12:01:36,b'@BCCIWomen @Paytm Great win ind vs eng'
982226653387472896,2018-04-06 12:00:57,b'@Paytm @Paytmcare Im really serious my money is wasted in wallet. What shoud i do other than mail or message u caus\xe2\x80\xa6 https://t.co/EayhwEH5l2'
982226311530758145,2018-04-06 11:59:36,"b'@Paytm @Paytmcare Forget about kyc, i have done my kyc and my account is blocked with no reason, i feel frustrated\xe2\x80\xa6 https://t.co/0HUtTQsz4H'"
982225783379775488,2018-04-06 11:57:30,b'@Rahul_Dogra @Paytm I m also facing'
982225538944196610,2018-04-06 11:56:32,b'@Paytmcare @Paytm I have requested KYC of paytm 1 month ago but still no agent visit my address. My last request de\xe2\x80\xa6 https://t.co/AHKAhpCCis'
982225511739879424,2018-04-06 11:56:25,b'@Paytm I have made a transaction of Electricity bill dated 02-04-2018. Order no is 4900547875. But still now it is\xe2\x80\xa6 https://t.co/SQAgt82Ilb'
982225350535987200,2018-04-06 11:55:47,b'@rkUntold @TezbyGoogle @Paytm @PhonePe_ Thanks for the suggestion. Will keep that in mind.'
982225245175033856,2018-04-06 11:55:21,b'Care to tell me what the fuck is this? @Paytm https://t.co/Sf0Jd98lSt'
982224914215088133,2018-04-06 11:54:03,b'@Paytm right now your services are down.... enclosing screenshot.. . https://t.co/GhU4xlin1z'
982224788717428737,2018-04-06 11:53:33,b'#paytmdown @Paytmcare @PaytmBank @Paytm https://t.co/DzHIOYxqag'
982224424215592963,2018-04-06 11:52:06,b'@PritishSocial @BishnuAnkit @Anika_Mishra_MI @Ishita_MI @A_Ashrita Still believe @Paytm can do a ton of things but\xe2\x80\xa6 https://t.co/Es5vDgMqcW'
982224228593221633,2018-04-06 11:51:19,"b'PAYTM \xe0\xa4\x95\xe0\xa4\xb0 \xe0\xa4\xb0\xe0\xa4\xb9\xe0\xa4\xbe \xe0\xa4\xb9\xe0\xa5\x88 \xe0\xa4\xa7\xe0\xa4\xbe\xe0\xa4\x82\xe0\xa4\xa7\xe0\xa4\xb2\xe0\xa5\x80, \xe0\xa4\xae\xe0\xa5\x87\xe0\xa4\xb0\xe0\xa5\x87 ACCOUNT \xe0\xa4\xae\xe0\xa5\x87\xe0\xa4\x82 BARCODE \xe0\xa4\xb8\xe0\xa5\x87 \xe0\xa4\xb8\xe0\xa5\x8d\xe0\xa4\x95\xe0\xa5\x88\xe0\xa4\xa8 \xe0\xa4\x95\xe0\xa4\xb0\xe0\xa4\x95\xe0\xa5\x87 \xe0\xa4\xaa\xe0\xa5\x88\xe0\xa4\xb8\xe0\xa5\x87 \xe0\xa4\x86\xe0\xa4\xaf\xe0\xa5\x87 \xe0\xa4\xb2\xe0\xa5\x87\xe0\xa4\x95\xe0\xa4\xbf\xe0\xa4\xa8 6 \xe0\xa4\xa6\xe0\xa4\xbf\xe0\xa4\xa8 \xe0\xa4\xac\xe0\xa5\x80\xe0\xa4\xa4 \xe0\xa4\x9c\xe0\xa4\xbe\xe0\xa4\xa8\xe0\xa5\x87 \xe0\xa4\x95\xe0\xa5\x87 \xe0\xa4\xac\xe0\xa4\xbe\xe0\xa4\xa6 \xe0\xa4\xad\xe0\xa5\x80 \xe0\xa4\xa8\xe0\xa4\xb9\xe0\xa5\x80 \xe0\xa4\x86\xe0\xa4\xaf\xe0\xa4\xbe \xe0\xa4\xac\xe0\xa5\x88\xe2\x80\xa6 https://t.co/f7twOxKU9E'"
982223646339903490,2018-04-06 11:49:00,b'Having too many problems with my paytm saving bank account. Money is being deducted 2 times and still no resolution.@paytm'
982223537199919109,2018-04-06 11:48:34,"b""Hey @PaytmBank @Paytm , just hot my DEBIT card...hope services will never let me negative for India's most sincere\xe2\x80\xa6 https://t.co/0mCsYmTu8p"""
982223374947500038,2018-04-06 11:47:56,b'@souravdashing1 @chopraanjum @Paytm @BCCIWomen @mandhana_smriti @ImHarmanpreet @M_Raj03 Her strike rate of 66 in ODIs tells you the story..'
982223370149244930,2018-04-06 11:47:54,b'@Paytm @Paytmcare @PaytmMall  my 2 prepaid orders have been cancel and your cx team is saying that it has been canc\xe2\x80\xa6 https://t.co/Ml408qweWP'
982222967663820800,2018-04-06 11:46:18,b'@ripalgparmar @chopraanjum @Paytm @BCCIWomen And anya shrubsole..'
982221200041508865,2018-04-06 11:39:17,b'@paytmmallcare @PaytmMall @Paytmcare @Paytm \nQuery 58324390'
982220595541688320,2018-04-06 11:36:53,b'@shantanub @Paytm I never got #Paytm especially after seeing how their growth in business was directly proportionat\xe2\x80\xa6 https://t.co/y7TPlnhidw'
982219733570174984,2018-04-06 11:33:27,b'@Paytm @Paytmcare @PaytmMall @PaytmTravel Goair has cancelled my ticket with full refund. Booking id 4293028864\nThe\xe2\x80\xa6 https://t.co/Q760rZsqpX'
982219467252887552,2018-04-06 11:32:24,"b'@_DPSingh @TezbyGoogle @Paytm @PhonePe_ Go with #PhonePe, way better than #Paytm. \xf0\x9f\x98\x8a'"
982217850134790144,2018-04-06 11:25:58,b'@pratikpatel @yadav_so_nu @vijayshekhar @Paytm I too can Guess it very easily bro delete it asap'
982217405177856000,2018-04-06 11:24:12,b'@paytm what a lousy service. You trick people into adding money to wallet but don allow them to use on pretext of K\xe2\x80\xa6 https://t.co/kHmdTkVyHH'
982216944160878595,2018-04-06 11:22:22,b'Why your KYC completion is such a pain @Paytmcare trying to schedule appointment with the @Paytm executive using th\xe2\x80\xa6 https://t.co/mBApNSkZWc'
982216943133315072,2018-04-06 11:22:22,b'@thebharatseva @paytmbankcare @Paytm @PaytmBank @Paytmcare @vijayshekhar @One97 @renusatti @PMOIndia\xe2\x80\xa6 https://t.co/5ueUERFx5G'
982216517436686336,2018-04-06 11:20:41,b'@Paytm not be able to add money https://t.co/C1gNLloerJ'
982216171473653762,2018-04-06 11:19:18,b'@Paytmcare @Paytm @Bharatsevacare @vijayshekhar @Paytm @Paytmcare query reference no.: 59236825 is now resolved. Ju\xe2\x80\xa6 https://t.co/64Yrv8iaWp'
982215893466824705,2018-04-06 11:18:12,"b""@BCCIWomen @Paytm We can't see match presentation"""
982215789926268928,2018-04-06 11:17:47,b'same here.. i recorded him saying this. @paytm didn\xe2\x80\x99t do anything (why would they?). Finally uninstalled the app an\xe2\x80\xa6 https://t.co/kbHiPOw3JT'
982215519968243717,2018-04-06 11:16:43,"b'My paytm number is 8502982532, I have been calling the customer career for a long time. It is not for me that in th\xe2\x80\xa6 https://t.co/CSBrD7BxwF'"
982215467325571073,2018-04-06 11:16:30,b'@thebharatseva @arunjaitley ji @narendramodi ji please help me. Tht amnt is very much needed for me. @paytm looted my money'
982214378823925761,2018-04-06 11:12:11,"b'Close games are a combination of skill, tactics and most of all in this nail biter btw @BCCIWomen &amp; @ECB_cricket ..\xe2\x80\xa6 https://t.co/TiYj0NNozW'"
982214081288355840,2018-04-06 11:11:00,b'Is @Paytmcare @Paytm down right now  have a look into this issue and fix it as soon As possible https://t.co/EW8rh4hmll'
982214032818978822,2018-04-06 11:10:48,b'@PaytmMall @PaytmTravel @PaytmTickets @PaytmMoney @PaytmBank @paytmcanada @paytmlabs @Paytm @paytmmallcare\xe2\x80\xa6 https://t.co/UlmHLwkkWE'
982213631617024001,2018-04-06 11:09:13,"b'@sthalekar93 @ICC @BCCIWomen @Paytm Agreed. It was almost a replica of the WC final 2017, the only difference this time was the result.'"
982213433109037056,2018-04-06 11:08:25,"b""@shantanub @Paytm You were lucky to get your passport without Adhar. When is the renewal? Paytm is very good. I've\xe2\x80\xa6 https://t.co/PdJ9dwajtK"""
982213212543201281,2018-04-06 11:07:33,"b""@chopraanjum @Paytm @BCCIWomen The match was almost replica of the Lord's Final 2017, the only difference was the result."""
982212987409776640,2018-04-06 11:06:39,b'@BCCIWomen @Paytm Bowlers did great job by restricting England to 207. Middle order should work hard. At the end Ek\xe2\x80\xa6 https://t.co/GaCOC6ewSN'
982212488648212482,2018-04-06 11:04:40,b'@BCCIWomen @Paytm Congrats girls\xf0\x9f\xa4\x97 but India team should find replacement to Sushma Verma..: she is not in good form\xe2\x80\xa6 https://t.co/Q7hyWo2giM'
982211163562758144,2018-04-06 10:59:24,"b'@Paytm @Paytmcare 2/ 2499 INR to claim it. That guy had my complete order details like product name, date of order,\xe2\x80\xa6 https://t.co/XB2FAmFarF'"
982210375482359808,2018-04-06 10:56:16,b'@Langer_Mayanti @BCCIWomen @Paytm @M_Raj03 @ImHarmanpreet @mandhana_smriti @ImSushVerma @vedakmurthy08 @JhulanG10\xe2\x80\xa6 https://t.co/TfT8KpfM2V'
982209065190223880,2018-04-06 10:51:04,"b""@BCCIWomen @Paytm Below par bowling with no balls&amp; wide's &amp; substandard fielding by Eng. chiefly responsible for In\xe2\x80\xa6 https://t.co/PeBK279TWI"""
982208961070776320,2018-04-06 10:50:39,b'@BCCIWomen @Paytm Congratulations Team India on victory over England  and @mandhana_smriti for excellent innings on\xe2\x80\xa6 https://t.co/aQOxF1uGgX'
982208311310270464,2018-04-06 10:48:04,b'@Langer_Mayanti @BCCIWomen @Paytm @M_Raj03 @ImHarmanpreet @mandhana_smriti @ImSushVerma @vedakmurthy08 @JhulanG10\xe2\x80\xa6 https://t.co/rAx5lz3yxA'
982208070993375233,2018-04-06 10:47:07,b'@BCCIWomen @Paytm Great Come back to win for India  #INDWvsENGW 1st  #ODI'
982207844953935872,2018-04-06 10:46:13,b'@sthalekar93 @ICC @BCCIWomen @Paytm Now england would know how it feels to loss a winning game.'
982207790948073474,2018-04-06 10:46:00,"b""@srivatsayb @BSYBJP , please apologize for taking cheque. Hasn't @narendramodi ji asked you all to use only @Paytm ?"""
982207635276447744,2018-04-06 10:45:23,b'@BCCIWomen @Paytm Brilliant but pura match cricbuzz pe dekhna para.. star sports where were u.Pata bhi tha ki match\xe2\x80\xa6 https://t.co/x06VYGpuHM'
982207604356136960,2018-04-06 10:45:16,b'@BCCIWomen @Paytm say i hai sub no hard work Karna padega vana matches nai jitoge aur bar bar lower order nai khe L\xe2\x80\xa6 https://t.co/ENQ6b3wpym'
982206959536369664,2018-04-06 10:42:42,"b'@Paytm @Paytmcare  No.1 cheaters, stealing money from customer account. Shame on you for this awkward attitude.'"
982206813415211008,2018-04-06 10:42:07,"b'@PaytmMall @paytmmallcare @Paytm I ordered a phone, paid Rs 60000. it was expected by 4th april and still no update\xe2\x80\xa6 https://t.co/X3U9vvPXCy'"
982206698470293504,2018-04-06 10:41:40,"b'\xe0\xa4\x87\xe0\xa4\xb8 \xe0\xa4\xb8\xe0\xa4\xbe\xe0\xa4\xb2 1 \xe0\xa4\xb2\xe0\xa4\xbe\xe0\xa4\x96 \xe0\xa4\x86\xe0\xa4\x89\xe0\xa4\x9f\xe0\xa4\xb2\xe0\xa5\x87\xe0\xa4\x9f \xe0\xa4\x96\xe0\xa5\x8b\xe0\xa4\xb2\xe0\xa5\x87\xe0\xa4\x97\xe0\xa4\xbe Paytm \xe0\xa4\xaa\xe0\xa5\x87\xe0\xa4\xae\xe0\xa5\x87\xe0\xa4\x82\xe0\xa4\x9f\xe0\xa5\x8d\xe0\xa4\xb8 \xe0\xa4\xac\xe0\xa5\x88\xe0\xa4\x82\xe0\xa4\x95, DD \xe0\xa4\x94\xe0\xa4\xb0 \xe0\xa4\x9a\xe0\xa5\x87\xe0\xa4\x95 \xe0\xa4\xa1\xe0\xa4\xbf\xe0\xa4\xaa\xe0\xa5\x89\xe0\xa4\x9c\xe0\xa4\xbf\xe0\xa4\x9f \xe0\xa4\x9c\xe0\xa5\x88\xe0\xa4\xb8\xe0\xa5\x80 \xe0\xa4\xb8\xe0\xa4\xb0\xe0\xa5\x8d\xe0\xa4\xb5\xe0\xa4\xbf\xe0\xa4\xb8 \xe0\xa4\xad\xe0\xa5\x80 \xe0\xa4\xb9\xe0\xa5\x8b\xe0\xa4\x82\xe0\xa4\x97\xe0\xa5\x80 \xe0\xa4\xb6\xe0\xa5\x81\xe0\xa4\xb0\xe0\xa5\x82\n@Paytm @PaytmMall\xe2\x80\xa6 https://t.co/L6XoVw6nXX'"
982206477275299840,2018-04-06 10:40:47,b'Incredible moments for everyone. Indian Women beat England Women by 1 wicket with 5 balls remaining in a very inter\xe2\x80\xa6 https://t.co/ab7c1xq4kd'
982206474716725248,2018-04-06 10:40:46,b'@BCCIWomen @Paytm We won we won we won \n@BCCIWomenFC https://t.co/vcPNhTQKvd'
982206465204105218,2018-04-06 10:40:44,b'@BCCIWomen @Paytm What a seesaw match! Well done in the end.'
982206450377216001,2018-04-06 10:40:40,b'@BCCIWomen @Paytm congratulations team India \nand @mandhana_smriti'
982205973203902464,2018-04-06 10:38:47,b'@BCCIWomen @Paytm Mithali Raj very poor form\xf0\x9f\x98\x93'
982205936415604737,2018-04-06 10:38:38,b'@BCCIWomen @Paytm Congratulations well played'
982205849773879296,2018-04-06 10:38:17,"b""Hey @Paytm I can't able to transfer my wallet money to bank it says payment failed please add manage beneficiary to\xe2\x80\xa6 https://t.co/XhPXHeKGKQ"""
982205807436513283,2018-04-06 10:38:07,"b'@BCCIWomen @Paytm Yes we won, but the fact is ""our middle order is weaker than school kids team"".. Lost 7 wickets f\xe2\x80\xa6 https://t.co/d0RWve21Hs'"
982205651446202368,2018-04-06 10:37:30,b'@PaytmBank @Paytm @vijayshekhar finally i would like to say go to hell. I m closing my account for the rubbish cust\xe2\x80\xa6 https://t.co/ow27SBTt1x'
982205392531816449,2018-04-06 10:36:28,b'Yesterday I received calls frm +7458028652 n +917291078782.They informed me that they r frm #Paytm n I hav been sel\xe2\x80\xa6 https://t.co/VfqVt1GbIE'
982204664664829952,2018-04-06 10:33:35,"b'Poonam Yadav  FOUR! India Women 206/9 (48.6) (14x4, 4x6) @paytm #IndvEng #ODI'"
982203909404946433,2018-04-06 10:30:35,"b'Ekta Bisht  FOUR! India Women 199/9 (48.1) (13x4, 4x6) @paytm #IndvEng #ODI'"
982202947294539779,2018-04-06 10:26:45,"b""Don't u pple feel ashamed of urslf i agreed to get tht amnt in wlt . Flr sprvsr Mr. Manish prmsd tht I'l b gtg tht\xe2\x80\xa6 https://t.co/xsD2TlfM2Z"""
982202623431344128,2018-04-06 10:25:28,b'@BCCIWomen @chopraanjum @Paytm Mandhana 86! This Maha golden girl is a valuable asset to the team. Unfortunately she missed a100.'
982201460652830721,2018-04-06 10:20:51,b'@BCCIWomen @Paytm She should learn to get singles wasting this many deliveries n getting out'
982201351965822977,2018-04-06 10:20:25,b'@mandhana_smriti as always...... She is like a gem...... \n\n@paytm #IndvEng #ODI'
982201058242977793,2018-04-06 10:19:15,b'@BCCIWomen @Paytm They r wasting all the hard work done by mandhana'
982200899421356032,2018-04-06 10:18:37,"b'Sophie Ecclestone 4 WICKETS! (8.4-2-31-4), India Women 183/8 @paytm #IndvEng #ODI'"
982200889480916992,2018-04-06 10:18:35,"b'WICKET! Over: 45.4 Jhulan Goswami 2(18) b Sophie Ecclestone, India Women 183/8 @paytm #IndvEng #ODI'"
982200764947775499,2018-04-06 10:18:05,"b""@paytmmallcare @Paytm @Paytmcare : Hi PayTM, As mentioned earlier, I don't have the Order ID with me as PayTM does\xe2\x80\xa6 https://t.co/EGSPWRWyX5"""
982200716671373312,2018-04-06 10:17:53,"b'@paytmmallcare @Paytm Will advise all my associates, friends, society people to beware of such fraudsters'"
982200334616477698,2018-04-06 10:16:22,b'@paytmmallcare @Paytm Selling used products'
982200157876862977,2018-04-06 10:15:40,b'@dilipsainidks @PaytmBank @vijayshekhar @Paytm @Paytmcare Han jaruri hai'
982200066441035782,2018-04-06 10:15:18,b'We can use #Vodaoffer coupon to vodafone number can we use #Voda50 to any other vodafone number \n@Paytm @Paytmcare'
982200005095079937,2018-04-06 10:15:04,"b'@paytmmallcare @Paytm You yourself have partnered with fraud sellers like e Setu Pune and worst, irresponsible cour\xe2\x80\xa6 https://t.co/AM9SPMg7rh'"
982199880427847680,2018-04-06 10:14:34,b'@BCCIWomen @Paytm No Dsr too'
982199463329415168,2018-04-06 10:12:55,"b'WICKET! Over: 43.6 Veda Krishnamurthy 8(16) lbw Sophie Ecclestone, India Women 182/7 @paytm #IndvEng #ODI'"
982199127772573697,2018-04-06 10:11:35,"b'Veda Krishnamurthy  FOUR! India Women 182/6 (43.4) (12x4, 4x6) @paytm #IndvEng #ODI'"
982198484034965504,2018-04-06 10:09:01,b'@sourav_053 @PaytmBank @vijayshekhar @Paytm @Paytmcare \xe0\xa4\x87\xe0\xa4\xb8\xe0\xa4\x95\xe0\xa5\x87 \xe0\xa4\xb2\xe0\xa4\xbf\xe0\xa4\x8f \xe0\xa4\x95\xe0\xa5\x87\xe0\xa4\xb5\xe0\xa4\xbe\xe0\xa4\x88\xe0\xa4\xb8\xe0\xa5\x80 \xe0\xa4\x9c\xe0\xa4\xb0\xe0\xa5\x82\xe0\xa4\xb0 \xe0\xa4\x95\xe0\xa4\xb0\xe0\xa4\xbe\xe0\xa4\xa8\xe0\xa4\xbe \xe0\xa4\x9c\xe0\xa4\xb0\xe0\xa5\x82\xe0\xa4\xb0\xe0\xa5\x80 \xe0\xa4\xb9\xe0\xa5\x8b\xe0\xa4\xa4\xe0\xa4\xbe \xe0\xa4\xb9\xe0\xa5\x88 \xe0\xa4\x95\xe0\xa5\x8d\xe0\xa4\xaf\xe0\xa4\xbe'
982198182946816000,2018-04-06 10:07:49,b'Hi team help me with this i didnt apply any promo code ONCEAMONTH this month  but showing like I have already used\xe2\x80\xa6 https://t.co/JsZ08daLuk'
982197282375270402,2018-04-06 10:04:15,"b'WICKET! Over: 41.1 S B Verma 3(15) lbw Sophie Ecclestone, India Women 175/6 @paytm #IndvEng #ODI'"
982197146001719296,2018-04-06 10:03:42,"b'@Paytmcare @Paytm Being troubled for the last 2 months, your employees did not get any answer correctly, no help, i\xe2\x80\xa6 https://t.co/JF0SfCY8XY'"
982196597499965441,2018-04-06 10:01:31,b'@sthalekar93 @ICC @BCCIWomen @Paytm Yeh true... hope ind WL back in this game..gr8 knock by Smriti\xe2\x98\xba\xf0\x9f\x91\x8d'
982196449499729921,2018-04-06 10:00:56,b'The reviews are pouring in @BlackmailFilm is a hit! \nBook your tickets today &amp; watch this entertaining movie at\xe2\x80\xa6 https://t.co/OUcIyhvbfB'
982196191210254336,2018-04-06 09:59:54,"b'End Of Over 40 - India Women 174/5, Need 34 Run(s) to Win, Veda Krishnamurthy 3(9) S B Verma 2(8) @paytm #IndvEng #ODI'"
982195873017823234,2018-04-06 09:58:39,b'@Paytm @Paytmcare @Paytmcare  @Paytm  any casback or promocode on adding and sending money on paytm'
982195600690102273,2018-04-06 09:57:34,b'@Paytmcare @Paytm Please provide me a status of the following Transaction IDs 1. 2018040411121280011016829872247594\xe2\x80\xa6 https://t.co/uJDT3JhTgr'
982195262146793472,2018-04-06 09:56:13,"b""Oh dear... Mandhana out. Surely we aren't going to see the @ICC WC final again with @BCCIWomen losing wickets &amp; the game? #IndvEng @Paytm"""
982195250427969537,2018-04-06 09:56:10,"b""@Subirsrkjsr @Paytmcare @Paytm Don't trust these guys. It's more than a month I paid my electric bill and they are\xe2\x80\xa6 https://t.co/Q0ZHWyANpT"""
982193988382834689,2018-04-06 09:51:09,b'@paytmmallcare @Paytmcare @Paytm @PaytmMall order not being cancelled since morning.\nNow status has been changed to\xe2\x80\xa6 https://t.co/aiwKm3hGM1'
982192063704793091,2018-04-06 09:43:30,"b'@Paytm @RBI @SupremeCourtFan @arunjaitley Refering to SC rule, KYC mandate is removed. Then why are u mandating for\xe2\x80\xa6 https://t.co/6Dt1pJTuP2'"
982191706081652736,2018-04-06 09:42:05,"b'.@paytm too.. privacy concerns, old fashioned! https://t.co/aAEIVjCS11'"
982189877809725441,2018-04-06 09:34:49,b'@Paytm how much time do youll take for a refund? Please help!'
982189817554350081,2018-04-06 09:34:35,"b""Why doesn't Hon Supreme Court ruling apply to @paytm? @IndianExpress @the_hindu https://t.co/4ZJvDcwuOX"""
982189564319035394,2018-04-06 09:33:34,b'India Women 151/3 in 32.5 Overs @paytm #IndvEng #ODI\xc2\xa0 Scorecard:https://t.co/tN7jnIbGUN'
982189372274388992,2018-04-06 09:32:49,b'@BCCI @Paytm Whishes to women team .'
982188136582098945,2018-04-06 09:27:54,"b'@iSudatta @shantanub @Paytm @the_hindu @IndianExpress except the access to internet, rest of the permissions - came\xe2\x80\xa6 https://t.co/0xvcRLLnqM'"
982188024502009857,2018-04-06 09:27:27,"b""@Paytmcare @Subirsrkjsr @paytm why don't you respond?"""
982187546762342402,2018-04-06 09:25:33,b'@Paytm after kyc your app is not letting me deposit more money in my account. It is urgent but no representative is helping.'
982187228196569089,2018-04-06 09:24:18,"b""@iSudatta @shantanub @Paytm Why isn't the media  @the_hindu @IndianExpress focusing on the abnormal data collection\xe2\x80\xa6 https://t.co/hRLzraZH3X"""
982185411123359744,2018-04-06 09:17:04,b'Dear @Paytm @Paytmcare @PaytmMall kindly look into it on urgent basis it is not delivered till now. https://t.co/vxcT6Iqw0f'
982185370161827840,2018-04-06 09:16:55,"b'S S Mandhana  FOUR! India Women 125/3 (29.2) (10x4, 3x6) @paytm #IndvEng #ODI'"
982184781017317376,2018-04-06 09:14:34,"b""@iSudatta @Paytm Realized even for Uber etc. it's far easier to link my bank debit card."""
982184508874113024,2018-04-06 09:13:29,b'@shantanub @Paytm I stopped using @Paytm. Their demands were becoming annoying!'
982184423545122816,2018-04-06 09:13:09,b'@BCCIWomen @Paytm Congratulations @mandhana_smriti'
982183540191182849,2018-04-06 09:09:38,"b'Cash back offers are finished at @TezbyGoogle Every time getting ""Better luck next time"". So annoying. Now moving t\xe2\x80\xa6 https://t.co/73i4HdouMS'"
982183423723823105,2018-04-06 09:09:10,b'Just spoke to a @Paytm KYC rep on the phone who said he would only accept Aadhar and not my passport details. Asked\xe2\x80\xa6 https://t.co/M11NznT2g1'
982182882541109249,2018-04-06 09:07:01,b'@Paytmcare @Paytm https://t.co/dYW8p5SRk9'
982182024210345987,2018-04-06 09:03:37,"b'S S Mandhana 53 runs in 79 balls  (3x4, 2x6) India Women 110/3 @paytm #IndvEng #ODI\xc2\xa0 Scorecard:https://t.co/tN7jnIbGUN'"
982182014412406785,2018-04-06 09:03:34,"b'S S Mandhana  SIX! India Women 110/3 (25.6) (9x4, 3x6) @paytm #IndvEng #ODI'"
982180441904988165,2018-04-06 08:57:20,"b'@paytm @Paytmcare @PaytmBank ! account has KYC in complete, you have frozen my account. Hasn\xe2\x80\x99t Supreme Court of Ind\xe2\x80\xa6 https://t.co/I1Qn7e2GNW'"
982179413822324736,2018-04-06 08:53:14,"b'S S Mandhana  FOUR! India Women 97/3 (22.2) (9x4, 2x6) @paytm #IndvEng #ODI'"
982178768495104006,2018-04-06 08:50:41,"b'@Paytm @Paytmcare @vijayshekhar @Remus \xe0\xa4\xae\xe0\xa4\xb0\xe0\xa4\xbe\xe0\xa4\xa0\xe0\xa5\x80 \xe0\xa4\xae\xe0\xa4\xa7\xe0\xa5\x8d\xe0\xa4\xaf\xe0\xa5\x87 \xe0\xa4\x95\xe0\xa5\x87\xe0\xa4\xb2\xe0\xa5\x87\xe0\xa4\xb2\xe0\xa5\x8d\xe0\xa4\xaf\xe0\xa4\xbe \xe0\xa4\xae\xe0\xa5\x87\xe0\xa4\xb2 \xe0\xa4\x86\xe0\xa4\xa3\xe0\xa4\xbf \xe0\xa4\xb8\xe0\xa4\x82\xe0\xa4\xb5\xe0\xa4\xbe\xe0\xa4\xa6 \xe0\xa4\xaf\xe0\xa4\xbe\xe0\xa4\xb2\xe0\xa4\xbe \xe0\xa4\xa4\xe0\xa5\x81\xe0\xa4\xae\xe0\xa4\x9a\xe0\xa5\x87 \xe0\xa4\x85\xe0\xa4\xa7\xe0\xa4\xbf\xe0\xa4\x95\xe0\xa4\xbe\xe0\xa4\xb0\xe0\xa5\x80 \xe0\xa4\xaa\xe0\xa5\x8d\xe0\xa4\xb0\xe0\xa4\xa4\xe0\xa4\xbf\xe0\xa4\xb8\xe0\xa4\xbe\xe0\xa4\xa6 \xe0\xa4\x95\xe0\xa4\xbe \xe0\xa4\xa6\xe0\xa5\x87\xe0\xa4\xa4 \xe0\xa4\xa8\xe0\xa4\xbe\xe0\xa4\xb9\xe0\xa5\x80\xe0\xa4\xa4,\xe2\x80\xa6 https://t.co/iJxvNtU2Y5'"
982178028988936195,2018-04-06 08:47:44,"b'T12- It\'s shocking that @Paytm still don\'t have ""Visa Pay"" option and @vijayshekhar is not even thinking about it.\xe2\x80\xa6 https://t.co/RZ7mpgkGJ4'"
982176812963741698,2018-04-06 08:42:54,"b'End Of Over 20 - India Women 89/2, Need 119 Run(s) to Win, Harmanpreet Kaur 20(34)  S S Mandhana 43(55) @paytm #IndvEng #ODI'"
982176695959433216,2018-04-06 08:42:26,b'@BCCIWomen @Paytm Right Bro. https://t.co/Rj9MrDpdbI'
982176477968875520,2018-04-06 08:41:34,"b'Harmanpreet Kaur  SIX! India Women 88/2 (19.3) (8x4, 2x6) @paytm #IndvEng #ODI'"
982175446765744135,2018-04-06 08:37:29,b'@Paytm pls add \xe2\x80\x98lic premium\xe2\x80\x99'
982174362726891521,2018-04-06 08:33:10,b'@BCCIWomen @Paytm Mithali ka mood hi nhi raha cricket khelne ka ab. She should be retired from cricket.'
982173529419333632,2018-04-06 08:29:51,b'@Paytmcare @paytm what a shoddy handling of customer grivienace. 2 days back #Paytm support staff asked for 48 hour\xe2\x80\xa6 https://t.co/IKXLnJY96l'
982172202324803586,2018-04-06 08:24:35,b'I forgot my @Paytm password. The only way to reset password is by calling to some phone number the app mentions - A\xe2\x80\xa6 https://t.co/1GLLzuVGd0'
982171025172398082,2018-04-06 08:19:54,"b'Harmanpreet Kaur  FOUR! India Women 68/2 (13.6) (8x4, 1x6) @paytm #IndvEng #ODI'"
982170574477656071,2018-04-06 08:18:07,b'@venkatsrinath1 @BCCIWomen @Paytm At least 1 of these 2 have to be there till the score is past 150.\nOtherwise collapse.'
982170424136970241,2018-04-06 08:17:31,"b""@paytmbankcare @Paytmcare @Paytm @PaytmBank what hell is going on with my account I'm trying to contact you since m\xe2\x80\xa6 https://t.co/5yvKVTvskf"""
982169906287292416,2018-04-06 08:15:28,b'@Paytmcare Hi! @paytm I hav already replied the mail regardng query ref. no. 59477968 at 3:06AM on 6/4/18. i m atta\xe2\x80\xa6 https://t.co/Av2FTBcZgi'
982169461128970240,2018-04-06 08:13:42,b'@sambitlnt @_AnsumanRath @MobiKwik @BipinSingh @kumariika @UpasanaTaku @SHAHSUDH @BharatBillPay Why CESU is not inc\xe2\x80\xa6 https://t.co/WLHjOma4JN'
982168219577298945,2018-04-06 08:08:46,"b""@Paytm ji I recharged of 399rs  or and applied FAMIlY promocode  bt i didn't get any cashback even i completed my K\xe2\x80\xa6 https://t.co/DUAkuUFlA1"""
982167991793020928,2018-04-06 08:07:51,b'@BCCIWomen @Paytm Very lethargic \xf0\x9f\x91\x8e\xf0\x9f\x91\x8e\xf0\x9f\x98\x9e'
982167417525755904,2018-04-06 08:05:34,"b'End Of Over 10 - India Women 52/2, Need 156 Run(s) to Win,  S S Mandhana 29(29) Harmanpreet Kaur 0(0) @paytm #IndvEng #ODI'"
982167357194825730,2018-04-06 08:05:20,"b'Dear Sir,\nGood Afternoon \n\xe0\xa4\x86\xe0\xa4\x9c \xe0\xa4\xae\xe0\xa5\x81\xe0\xa4\x9d\xe0\xa5\x87 Paytm Ka \xe0\xa4\xac\xe0\xa4\xb9\xe0\xa5\x81\xe0\xa4\xa4 \xe0\xa4\xb9\xe0\xa5\x80 \xe0\xa4\xb6\xe0\xa4\xbe\xe0\xa4\xa8\xe0\xa4\xa6\xe0\xa4\xbe\xe0\xa4\xb0 \nCalendar \xe0\xa4\xae\xe0\xa4\xbf\xe0\xa4\xb2\xe0\xa4\xbe,\xe0\xa4\x94\xe0\xa4\xb0 PaytmApp\xe0\xa4\x95\xe0\xa5\x8b \xe0\xa4\x86\xe0\xa4\xaa\xe0\xa4\xa8\xe0\xa5\x87 \xe0\xa4\xaf\xe0\xa5\x82\xe0\xa4\x9c\xe0\xa4\xb0\xe0\xa4\xab\xe0\xa5\x87\xe0\xa4\x82\xe0\xa4\xa1\xe0\xa4\xb2\xe0\xa5\x80 \xe0\xa4\xb0\xe0\xa4\xbf\xe0\xa4\xa1\xe0\xa4\xbf\xe0\xa4\x9c\xe0\xa4\xbe\xe0\xa4\x87\xe0\xa4\xa8 \xe0\xa4\x95\xe0\xa4\xb0\xe2\x80\xa6 https://t.co/EMoGAvms7t'"
982167259949875201,2018-04-06 08:04:57,b'India Women 52/2 in 9.4 Overs @paytm #IndvEng #ODI\xc2\xa0 Scorecard:https://t.co/tN7jnIbGUN'
982167250001051649,2018-04-06 08:04:54,"b'S S Mandhana  SIX! India Women 52/2 (9.4) (7x4, 1x6) @paytm #IndvEng #ODI'"
982166914037301248,2018-04-06 08:03:34,"b'S S Mandhana  FOUR! India Women 46/2 (9.1) (7x4, 0x6) @paytm #IndvEng #ODI'"
982166709925625856,2018-04-06 08:02:46,b'@BCCIWomen @Paytm What was the eng women score after first 5 overs'
982166495227559937,2018-04-06 08:01:54,"b'WICKET! Over: 8.6 Mithali 0(8) lbw Danielle Hazell, India Women 41/2 @paytm #IndvEng #ODI'"
982166266533232642,2018-04-06 08:01:00,"b""Trying to buy @IPL but @Paytm is making it the most inconvenient process ever. Why can't they just take my money wi\xe2\x80\xa6 https://t.co/PlxRmq6ony"""
982165733617557505,2018-04-06 07:58:53,b'@Paytm not able to cancel the subscription form the Paytm app .kindly help https://t.co/zEisJL9J5Q'
982165375826538496,2018-04-06 07:57:28,"b""@Paytm Dear Paytm,\nI tweeted my complaint on yesterday but still u even don't respond it. What bad u r services tha\xe2\x80\xa6 https://t.co/s37oJYKtUw"""
982165153226477573,2018-04-06 07:56:34,"b'S S Mandhana  FOUR! India Women 41/1 (7.3) (6x4, 0x6) @paytm #IndvEng #ODI'"
982164953229508608,2018-04-06 07:55:47,b'@Paytm @Paytmcare Please Answer for this cheating https://t.co/ozUTj4h8uG'
982164948083068929,2018-04-06 07:55:46,b'@Paytm @Paytmcare  Please Answer for this cheating. https://t.co/dAiJb8RByd'
982164948062105600,2018-04-06 07:55:46,b'@Paytm @Paytmcare Why this kind of cheating. Cheap game by Paytm. Now your customer care is unable to reach me to r\xe2\x80\xa6 https://t.co/7v5sbguBlf'
982164574173458437,2018-04-06 07:54:16,b'@Paytm @PaytmBank @Paytmcare \n\nAlready share address and contact details ..\n\nPlz do the needful for BC agent'
982164426684907522,2018-04-06 07:53:41,b'@Paytm Paytm is ATM but ATM is not paytm'
982164229594669056,2018-04-06 07:52:54,"b'WICKET! Over: 6.4 D P Vaidya 15(23) b Danielle Hazell, India Women 37/1 @paytm #IndvEng #ODI'"
982164032332300288,2018-04-06 07:52:07,"b'@Paytm Asshats forcing for KYC, even if due date is cancelld by SC My money is stuck at patym wallet. Customer care non responding morons'"
982163726596898816,2018-04-06 07:50:54,"b'D P Vaidya  FOUR! India Women 37/0 (6.2) (5x4, 0x6) @paytm #IndvEng #ODI'"
982163666060566528,2018-04-06 07:50:40,"b""@Paytm @paytm I haven't received my money back.. #Consumer"""
982163360086089729,2018-04-06 07:49:27,b'@Paytmcare @Paytm trying your customer care number from past 1 hour but not getting connected.Please arrange a callback on 9582079902'
982163075385065472,2018-04-06 07:48:19,b'@ShubhamKhera2 @Paytmcare @Paytm Too much disappointed with this application..'
982163058943442944,2018-04-06 07:48:15,b'@MeghrajSugare @Paytm @kunal_050689 @Paytmcare @vijayshekhar @arunjaitley @PatyM @TheOfficialSBI I know that @Paytm\xe2\x80\xa6 https://t.co/jb61WHP9Tq'
982163055957098497,2018-04-06 07:48:14,"b'D P Vaidya  FOUR! India Women 32/0 (5.3) (4x4, 0x6) @paytm #IndvEng #ODI'"
982162868551340032,2018-04-06 07:47:30,b'Bluedart courier man never call me during delivery of my consignment and wrongly updated in system out of delivery\xe2\x80\xa6 https://t.co/517hV8bGgs'
982162853879693312,2018-04-06 07:47:26,b'@AjaySin08597009 @Paytmcare Really paytm service sucks @paytm @paytmcare'
982162515374129152,2018-04-06 07:46:06,b'@Paytm @vijayshekhar is anyone frm ths garbage hole will explain how i can get/recover my money if ths blunder app\xe2\x80\xa6 https://t.co/Dwnf1rsyx3'
982162183499870208,2018-04-06 07:44:46,"b""@Paytmcare @Paytm @vijayshekhar As a #PaytmPareshan customer I'm ashamed to say that all #Paytm inefficient support\xe2\x80\xa6 https://t.co/TLExkFZzfq"""
982162095180365824,2018-04-06 07:44:25,"b""@Paytm @Paytmcare \nI couldn't send money to other person why?? Please tell\xf0\x9f\x99\x8f\xf0\x9f\x99\x8f\nWhen I send lifafa then it's happing https://t.co/9wzjU4HUTt"""
982161945674506241,2018-04-06 07:43:50,"b""@UIDAI Why paytm is taking finger print for KYC verification? Is it mandatory? Even banks won't do all these non-se\xe2\x80\xa6 https://t.co/wKZ9Q2OWMu"""
982161807203692545,2018-04-06 07:43:17,b'your customer care 24*7 number is also worst because there is no any option to connect customer care agent to resol\xe2\x80\xa6 https://t.co/SfNoKha8rw'
982161797233831936,2018-04-06 07:43:14,"b'S S Mandhana  FOUR! India Women 25/0 (4.5) (3x4, 0x6) @paytm #IndvEng #ODI'"
982161182671826945,2018-04-06 07:40:48,b'@Paytm @vijayshekhar hey u motherfucker\nWhat the hell is happened to your customer care.\nBloody moron u are not less thn a basterd.'
982160874487005184,2018-04-06 07:39:34,"b'D P Vaidya  FOUR! India Women 19/0 (3.6) (2x4, 0x6) @paytm #IndvEng #ODI'"
982159768931332096,2018-04-06 07:35:11,"b'@BCCIWomen @HalaPlayDotCom @Paytm So guyz our analysis has been decent. Knight did not play, Pandey did not get any\xe2\x80\xa6 https://t.co/ydbGzNqGs3'"
982159325765316609,2018-04-06 07:33:25,b'@Paytmcare @Paytm @Paytmcare  its been 3 days now. Still the issue is unresolved.'
982158190497316866,2018-04-06 07:28:54,"b'S S Mandhana  FOUR! India Women 6/0 (0.5) (1x4, 0x6) @paytm #IndvEng #ODI'"
982157918043697152,2018-04-06 07:27:49,b'@Satyadev_Ram @Paytm @Paytmcare Yahi sach hai paytm ka kuch nai milta but scheme badi badi hoti...hai'
982156596875689986,2018-04-06 07:22:34,b'@BCCI @Paytm \xf0\x9f\x98\x8d\xf0\x9f\x98\x98'
982156435977977857,2018-04-06 07:21:56,b'@Paytmcare @Paytm @PaytmMall @PaytmBank  i got a call saying from paytm mall. That i was selected in a lucky draw a\xe2\x80\xa6 https://t.co/JHXRDKBQVD'
982156347012628482,2018-04-06 07:21:35,"b'@arunjaitley Sir , when the SC has given a stay on linking banks and mobiles with Adhar Card untill further orders\xe2\x80\xa6 https://t.co/VJtR6Jyq4G'"
982156015842902017,2018-04-06 07:20:16,"b""People call it #policy as per convenience, isn't it? Something like how @Paytm #paytm unofficially became #National\xe2\x80\xa6 https://t.co/emmBwzDyKi"""
982155896229777408,2018-04-06 07:19:47,"b""Worst service I'll Order a phone and now not delivered me and booking time on website delivery date is 5apr  but no\xe2\x80\xa6 https://t.co/qHrVeCRUeu"""
982155585993957376,2018-04-06 07:18:33,b'@Simonah04912498 @BCCIWomen @Paytm \xe0\xa6\xb8\xe0\xa6\xae\xe0\xa6\xb8\xe0\xa7\x8d\xe0\xa6\xaf\xe0\xa6\xbe \xe0\xa6\xa8\xe0\xa6\xbe \xe0\xa6\xa4\xe0\xa6\xbe\xe0\xa6\x95\xe0\xa6\xb2\xe0\xa7\x87 \xe0\xa6\x95\xe0\xa6\xbf \xe0\xa6\x9a\xe0\xa6\xbf\xe0\xa6\xb2\xe0\xa7\x8d\xe0\xa6\xb2\xe0\xa6\xbe \xe0\xa6\x9a\xe0\xa6\xbf\xe0\xa6\xb2\xe0\xa7\x8d\xe0\xa6\xb2\xe0\xa6\xbf \xe0\xa6\x95\xe0\xa6\xb0\xe0\xa6\xbf\xe0\xa6\xa8\xe0\xa6\xbf'
982155460508762112,2018-04-06 07:18:04,b'@TheViralFever perfect one #TechConversationWithDad #DadonTwitter @Paytm\xf0\x9f\x98\x9c\xf0\x9f\x98\x9c https://t.co/ubNzYPEliW'
982155287183294469,2018-04-06 07:17:22,b'Cc @Paytm @Paytmcare @vijayshekhar \nPls dlvr it latest by 8th Morning and if not delivrd by 8th Morning..I will hav\xe2\x80\xa6 https://t.co/jGSNRAmw6j'
982155087106621440,2018-04-06 07:16:34,b'@SobhanaDesikan @Paytmcare @Paytm I did not like the fact that paytm needs access to call log. Is this a surveillance app?'
982154545609363456,2018-04-06 07:14:25,b'Hi @Paytm @Paytmcare @vijayshekhar @renusatti @amitsins: ordered a fridge which was returned due to floor not being\xe2\x80\xa6 https://t.co/alwlMqNwuo'
982154544938283008,2018-04-06 07:14:25,b'@lionsdenkxip @Paytm @insiderdotin  https://t.co/q1jWSQDmqy'
982154391066099713,2018-04-06 07:13:49,b'@BCCI @Paytm All the best'
982154381440118784,2018-04-06 07:13:46,b'Re-placed the order today coz the earlier one was cancelled \xf0\x9f\x98\xa1\nRequesting u again to pls deliver it to the respectiv\xe2\x80\xa6 https://t.co/TxKb66ryYP'
982154235935580161,2018-04-06 07:13:12,b'@Paytm \nWhat an unfortunate that Vijay Sekhar the elder brother of Nirav Modi still exploiting commons in the name of @PMOIndia'
982154221565849600,2018-04-06 07:13:08,b'@Paytm @Paytmcare after repeated requests my mobile number has not been changed. No reply since 10 days https://t.co/DYdyEb3S5J'
982153630001250305,2018-04-06 07:10:47,b'@PaytmMall @Paytm @Paytmcare\nUnable to place orders on @PaytmMall\n\nDone Full KYC (InPerson verification). Using Pay\xe2\x80\xa6 https://t.co/QwAd3HfejM'
982153440120852480,2018-04-06 07:10:02,b'@BCCI @Paytm @chopraanjum maaf karna behen but u look psycho in this hairstyle....bade baal hi acche the'
982153414816645120,2018-04-06 07:09:56,"b'@vijayshekhar @Paytm @vijayshekhar #Digitalmoney #paytmsucks #paytmmatkato #horriblecustomerservice \n@Paytm, can\xe2\x80\x99t\xe2\x80\xa6 https://t.co/2GOjbgk1dx'"
982153027262885888,2018-04-06 07:08:23,b'@Paytm @Paytmcare This cash back is regarding creating the paytm bhim Upi address. Please credit the cash back.'
982152588341592064,2018-04-06 07:06:39,b'@Paytm @Paytmcare Query reference number 59307126 regarding cash back of RS 50 not credited by paytm. Very embarras\xe2\x80\xa6 https://t.co/o6weHr5m1f'
982152178885214210,2018-04-06 07:05:01,b'@PaytmBank @Paytmcare @Paytm all details leaked of my Paytm bank\n8145053455'
982151900790341634,2018-04-06 07:03:55,b'Thank you very much #paytm #paytmkaro @Paytm @vijayshekhar @PaytmBank https://t.co/ZeTfef2mu0'
982151184013119489,2018-04-06 07:01:04,b'Why @Paytm @Paytmcare asking for KYC? All designated @Paytm KYC points asking for money for it. How to believe such\xe2\x80\xa6 https://t.co/OUo9HrNBN4'
982151018023600129,2018-04-06 07:00:24,"b'@paytm cud u plz tell me, is this any kinda scan which @paytm is planning for? 2/2'"
982150868588937216,2018-04-06 06:59:49,b'@BCCI @Paytm This is women time'
982150722362818560,2018-04-06 06:59:14,"b'@Paytm @Paytmcare  @PaytmCareOne i hv a Tap to pay card and it has some balance in this, for checking the balance o\xe2\x80\xa6 https://t.co/og5YN5QKc8'"
982150409123844097,2018-04-06 06:57:59,b'@Paytm @Paytmcare @PMOIndia \nMy all details of Paytm account are leaked.i received so many other call and irritate\xe2\x80\xa6 https://t.co/TlKf4k793j'
982149834680352768,2018-04-06 06:55:42,"b'@paytmmallcare @vijayshekhar @paytm #paytmmatkaro #paytmsucks #horriblecustomerservice.  No as per ref no 40225377,\xe2\x80\xa6 https://t.co/r2egbB59lu'"
982149458283544578,2018-04-06 06:54:12,b'@Paytmcare Email id i provided. \nWaiting for better response.\n@RBI \n@Paytm \n@Paytmcare'
982149425408622592,2018-04-06 06:54:05,b'@vijayshekhar @paytmcare @paytm @PaytmTravelCare REF No. 44538336\nThere is no REFUND received yet in the wallet &amp; C\xe2\x80\xa6 https://t.co/k2BqOuQY0I'
982149400712507393,2018-04-06 06:53:59,b'@Paytm super theme https://t.co/uA0uhmCCFh'
982149362678579200,2018-04-06 06:53:50,b'@Dharya1997 @BCCIWomen @Paytm @khushikadri Yes. Hope our batswomen will chase it down.'
982149002312347649,2018-04-06 06:52:24,b'@MadhuDADA @BCCIWomen @Paytm @khushikadri Good Chance we have!'
982148821663674369,2018-04-06 06:51:41,b'@BCCIWomen @Paytm Cc: @khushikadri @Dharya1997'
982148784481157121,2018-04-06 06:51:32,b'@sweetybliss11 @BCCIWomen @Paytm Bcci website live streaming available'
982148727325376512,2018-04-06 06:51:18,b'@BCCIWomen @Paytm Well bowled girls @BCCIWomen  to restrict the opposition to a modest total. Now bat well and chas\xe2\x80\xa6 https://t.co/Zjojba4UsT'
982148653954490371,2018-04-06 06:51:01,b'@BCCIWomen @Paytm Bcci website pe link h yar.'
982148470055124992,2018-04-06 06:50:17,b'@BCCIWomen @Paytm Where we can watch this match ?? Which sports channel plz reply'
982147402902552576,2018-04-06 06:46:02,b'@BCCIWomen @Paytm 2nd Innings TV pr dikaa do yrr \xf0\x9f\x99\x8f'
982147200795881473,2018-04-06 06:45:14,"b'End Innings: England Women - 207/10 in 49.3 overs  (Danielle Hazell 33 off 52, Alexandra Hartley 3 off 5) @paytm #IndvEng #ODI'"
982146949481549825,2018-04-06 06:44:14,"b'WICKET! Over: 49.3 Danielle Hazell 33(52) b Ekta Bisht, England Women 207/10 @paytm #IndvEng #ODI'"
982146845676683264,2018-04-06 06:43:50,b'@vijayshekhar @Paytm @Paytmcare when is ticket 54494676 for fastag going to be resolved? Ah the standards of paytm service!'
982146696799961090,2018-04-06 06:43:14,"b'Danielle Hazell  FOUR! England Women 207/9 (49.2) (20x4, 2x6) @paytm #IndvEng #ODI'"
982146623881953280,2018-04-06 06:42:57,b'England Women 203/9 in 49.1 Overs @paytm #IndvEng #ODI\xc2\xa0 Scorecard:https://t.co/tN7jnIbGUN'
982146613979181056,2018-04-06 06:42:54,"b'Danielle Hazell  SIX! England Women 203/9 (49.1) (19x4, 2x6) @paytm #IndvEng #ODI'"
982146273833771008,2018-04-06 06:41:33,b'@AIia_Bhatt @BCCI @Paytm This is not IPL match.'
982146210029973506,2018-04-06 06:41:18,"b""@Paytm @Paytmcare my friend sent me 50\xe2\x82\xb9 paytm but i didn't receive?"""
982146150064054272,2018-04-06 06:41:04,b'A complete fooling app @Paytm'
982146111501578241,2018-04-06 06:40:55,"b'@Paytm  and @Paytmcare , now see another screenshot wherein you show something went wrong when it asks to update th\xe2\x80\xa6 https://t.co/qdabkFoT1a'"
982146072960057345,2018-04-06 06:40:45,b'@BCCI @Paytm Nice'
982145765798592512,2018-04-06 06:39:32,b'@BCCIWomen @Paytm Waiting for @mandhana_smriti batting..'
982145606813499393,2018-04-06 06:38:54,"b'Danielle Hazell  FOUR! England Women 194/9 (48.1) (19x4, 1x6) @paytm #IndvEng #ODI'"
982145325421944833,2018-04-06 06:37:47,b'@rubberneckin @Paytm @Paytmcare cc: @renusatti'
982145154629828608,2018-04-06 06:37:06,b'@StarSportsIndia Why @Paytm trophy of @BCCIWomen is not available on @hotstartweets? Wasted my money on #hotstar subscription. \xf0\x9f\x98\xa1'
982145036484624384,2018-04-06 06:36:38,b'@BCCIWomen @Paytm Is there live telecast ?'
982144977474961409,2018-04-06 06:36:24,"b""@Paytm @vijayshekhar @PhonePeSupport \nI want to join with phonepe \nPaytm doesn't solve problem\n# ghatiyapaytm https://t.co/rsqmMBfrk8"""
982144915961344001,2018-04-06 06:36:09,"b'I was sending amount though lucky lifafa to my friend,but @Paytm has transferred it to another account, kindly refu\xe2\x80\xa6 https://t.co/UjbT4nJG1i'"
982144552860397568,2018-04-06 06:34:43,b'@BCCIWomen @Paytm One wicket or h'
982144530056007680,2018-04-06 06:34:37,b'@BCCI @Paytm really nice'
982144190497763328,2018-04-06 06:33:17,"b'Poonam Yadav 4 WICKETS! (8.5-1-23-4), England Women 185/9 @paytm #IndvEng #ODI'"
982144180313964545,2018-04-06 06:33:14,"b'WICKET! Over: 46.5 Sophie Ecclestone 1(5) ct Veda Krishnamurthy b Poonam Yadav, England Women 185/9 @paytm #IndvEng #ODI'"
982144082230169600,2018-04-06 06:32:51,b'@Paytm Hey fraud company please refund my money'
982143884288405506,2018-04-06 06:32:04,b'@BCCIWomen @Paytm Live telecast Kyu NAHI h ??'
982143362139439105,2018-04-06 06:29:59,b'@Paytm https://t.co/VCw9kpmcZh'
982142754376437760,2018-04-06 06:27:34,"b'WICKET! Over: 45.2 Frances Wilson 45(78) ct Shikha Pandey b Deepti , England Women 181/8 @paytm #IndvEng #ODI'"
982142261902303233,2018-04-06 06:25:37,b'@BCCIdomestic @Paytm in ipl'
982142165835964416,2018-04-06 06:25:14,b'@BCCIdomestic @Paytm please return warner and smith'
982142083774300160,2018-04-06 06:24:54,"b'Frances Wilson  FOUR! England Women 180/7 (44.5) (18x4, 1x6) @paytm #IndvEng #ODI'"
982141773764939781,2018-04-06 06:23:40,"b""@Paytm , I'm truly disgusted with your KYC process and the people you have hired. When I open the app, a pop up com\xe2\x80\xa6 https://t.co/lhygTzbtM0"""
982141695885164544,2018-04-06 06:23:22,"b"".@Paytm 's upcoming Android and iOS applications will offer investors mutual funds from 12 of the 15 largest AMCs i\xe2\x80\xa6 https://t.co/f01JhKlxNl"""
